rowid,country,year,indicator_id,indicator_name_main,indicator_name,sub_indicator_name,indicator_value,subnational,remarks,source,source_url
1,Singapore,2016,NUM-00011,Proportion of Youth and Adults with ICT Skills_Using Basic Arithmetic Formula In A Spreadsheet,Proportion of Youth and Adults with ICT Skills,Using Basic Arithmetic Formula In A Spreadsheet,31.1,No,,Singapore Info-Communications Media Development Authority,https://tablebuilder.singstat.gov.sg/table/TS/M850851
2,Singapore,2016,NUM-00011,"Proportion of Youth and Adults with ICT Skills_Using Copy And Paste Tools To Duplicate Or Move Data, Information And Content In Digital Environments (E.g. Within A Document, Between Devices, On The Cloud)",Proportion of Youth and Adults with ICT Skills,"Using Copy And Paste Tools To Duplicate Or Move Data, Information And Content In Digital Environments (E.g. Within A Document, Between Devices, On The Cloud)",,No,,Singapore Info-Communications Media Development Authority,https://tablebuilder.singstat.gov.sg/table/TS/M850851
3,Singapore,2016,NUM-00011,"Proportion of Youth and Adults with ICT Skills_Reading Or Downloading Newspapers, Magazines Or Electronic Books In A Digital Format",Proportion of Youth and Adults with ICT Skills,"Reading Or Downloading Newspapers, Magazines Or Electronic Books In A Digital Format",45.6,No,,Singapore Info-Communications Media Development Authority,https://tablebuilder.singstat.gov.sg/table/TS/M850851
4,Singapore,2016,NUM-00011,"Proportion of Youth and Adults with ICT Skills_Sending Messages (E.g., E-Mail, Messaging Service, SMS) With Attached Files (E.g., Document, Picture, Video)",Proportion of Youth and Adults with ICT Skills,"Sending Messages (E.g., E-Mail, Messaging Service, SMS) With Attached Files (E.g., Document, Picture, Video)",,No,,Singapore Info-Communications Media Development Authority,https://tablebuilder.singstat.gov.sg/table/TS/M850851
5,Singapore,2016,NUM-00011,"Proportion of Youth and Adults with ICT Skills_Creating Electronic Presentations With Presentation Software (Including Text, Images, Sound, Video Or Charts)",Proportion of Youth and Adults with ICT Skills,"Creating Electronic Presentations With Presentation Software (Including Text, Images, Sound, Video Or Charts)",27.3,No,,Singapore Info-Communications Media Development Authority,https://tablebuilder.singstat.gov.sg/table/TS/M850851
6,Singapore,2016,NUM-00011,Proportion of Youth and Adults with ICT Skills_Doing An Online Course (In Any Subject),Proportion of Youth and Adults with ICT Skills,Doing An Online Course (In Any Subject),3.3,No,,Singapore Info-Communications Media Development Authority,https://tablebuilder.singstat.gov.sg/table/TS/M850851
7,Singapore,2016,NUM-00011,Proportion of Youth and Adults with ICT Skills_Getting Information About Goods Or Services Online,Proportion of Youth and Adults with ICT Skills,Getting Information About Goods Or Services Online,41.6,No,,Singapore Info-Communications Media Development Authority,https://tablebuilder.singstat.gov.sg/table/TS/M850851
8,Singapore,2016,NUM-00011,Proportion of Youth and Adults with ICT Skills_Purchasing Or Ordering Goods Or Services Using The Internet,Proportion of Youth and Adults with ICT Skills,Purchasing Or Ordering Goods Or Services Using The Internet,32.1,No,,Singapore Info-Communications Media Development Authority,https://tablebuilder.singstat.gov.sg/table/TS/M850851
9,Singapore,2016,NUM-00011,"Proportion of Youth and Adults with ICT Skills_Seeking Health Information (On Injury, Disease, Nutrition, Etc.)",Proportion of Youth and Adults with ICT Skills,"Seeking Health Information (On Injury, Disease, Nutrition, Etc.)",21.9,No,,Singapore Info-Communications Media Development Authority,https://tablebuilder.singstat.gov.sg/table/TS/M850851
10,Singapore,2016,NUM-00011,"Proportion of Youth and Adults with ICT Skills_Connecting And Installing New Devices (E.g. A Modem, Camera, Printer) Through Wired Or Wireless Technologies",Proportion of Youth and Adults with ICT Skills,"Connecting And Installing New Devices (E.g. A Modem, Camera, Printer) Through Wired Or Wireless Technologies",28,No,,Singapore Info-Communications Media Development Authority,https://tablebuilder.singstat.gov.sg/table/TS/M850851
11,Singapore,2016,NUM-00011,"Proportion of Youth and Adults with ICT Skills_Connecting And Installing New Devices (E.g. A Modem, Camera, Printer) Through Wired Or Wireless Technologies",Proportion of Youth and Adults with ICT Skills,"Connecting And Installing New Devices (E.g. A Modem, Camera, Printer) Through Wired Or Wireless Technologies",44.5,No,,Singapore Info-Communications Media Development Authority,https://tablebuilder.singstat.gov.sg/table/TS/M850851
12,Singapore,2016,NUM-00011,"Proportion of Youth and Adults with ICT Skills_Using Software Run Over The Internet For Editing Text Documents, Spreadsheets Or Presentations",Proportion of Youth and Adults with ICT Skills,"Using Software Run Over The Internet For Editing Text Documents, Spreadsheets Or Presentations",10.8,No,,Singapore Info-Communications Media Development Authority,https://tablebuilder.singstat.gov.sg/table/TS/M850851
13,Singapore,2016,NUM-00011,"Proportion of Youth and Adults with ICT Skills_Programming Or Coding In Digital Environments (E.g. Computer Software, App Development)",Proportion of Youth and Adults with ICT Skills,"Programming Or Coding In Digital Environments (E.g. Computer Software, App Development)",,No,,Singapore Info-Communications Media Development Authority,https://tablebuilder.singstat.gov.sg/table/TS/M850851
14,Singapore,2016,NUM-00011,"Proportion of Youth and Adults with ICT Skills_Changing Privacy Settings On Your Device, Account Or App To Limit The Sharing Of PersoN/Al Data And Information (E.g. N/Ame, Contact Information, Photos)",Proportion of Youth and Adults with ICT Skills,"Changing Privacy Settings On Your Device, Account Or App To Limit The Sharing Of PersoN/Al Data And Information (E.g. N/Ame, Contact Information, Photos)",,No,,Singapore Info-Communications Media Development Authority,https://tablebuilder.singstat.gov.sg/table/TS/M850851
15,Singapore,2016,NUM-00011,"Proportion of Youth and Adults with ICT Skills_Setting Up Effective Security Measures (E.g. Strong Passwords, Log-In Attempt Notification) To Protect Devices And Online Accounts",Proportion of Youth and Adults with ICT Skills,"Setting Up Effective Security Measures (E.g. Strong Passwords, Log-In Attempt Notification) To Protect Devices And Online Accounts",,No,,Singapore Info-Communications Media Development Authority,https://tablebuilder.singstat.gov.sg/table/TS/M850851
16,Singapore,2016,NUM-00011,Proportion of Youth and Adults with ICT Skills_Participating In Social Networks,Proportion of Youth and Adults with ICT Skills,Participating In Social Networks,61.1,No,,Singapore Info-Communications Media Development Authority,https://tablebuilder.singstat.gov.sg/table/TS/M850851
17,Singapore,2016,NUM-00011,"Proportion of Youth and Adults with ICT Skills_Finding, Downloading, Installing And Configuring Software And Apps",Proportion of Youth and Adults with ICT Skills,"Finding, Downloading, Installing And Configuring Software And Apps",35.7,No,,Singapore Info-Communications Media Development Authority,https://tablebuilder.singstat.gov.sg/table/TS/M850851
18,Singapore,2016,NUM-00011,Proportion of Youth and Adults with ICT Skills_Transferring Files Or Applications Between Devices (Including Via Cloud-Storage),Proportion of Youth and Adults with ICT Skills,Transferring Files Or Applications Between Devices (Including Via Cloud-Storage),37.7,No,,Singapore Info-Communications Media Development Authority,https://tablebuilder.singstat.gov.sg/table/TS/M850851
19,Singapore,2016,NUM-00011,Proportion of Youth and Adults with ICT Skills_Uploading Self/User-Created Content To A Website To Be Shared,Proportion of Youth and Adults with ICT Skills,Uploading Self/User-Created Content To A Website To Be Shared,16.1,No,,Singapore Info-Communications Media Development Authority,https://tablebuilder.singstat.gov.sg/table/TS/M850851
20,Singapore,2016,NUM-00011,"Proportion of Youth and Adults with ICT Skills_Making Calls (Telephoning Over The Internet/Voip, Using Skype, Whatsapp, Viber, Italk, Etc.; Includes Video Calls Via Webcam)",Proportion of Youth and Adults with ICT Skills,"Making Calls (Telephoning Over The Internet/Voip, Using Skype, Whatsapp, Viber, Italk, Etc.; Includes Video Calls Via Webcam)",,No,,Singapore Info-Communications Media Development Authority,https://tablebuilder.singstat.gov.sg/table/TS/M850851
21,Singapore,2016,NUM-00011,Proportion of Youth and Adults with ICT Skills_Verifying The Reliability Of Information Found Online,Proportion of Youth and Adults with ICT Skills,Verifying The Reliability Of Information Found Online,,No,,Singapore Info-Communications Media Development Authority,https://tablebuilder.singstat.gov.sg/table/TS/M850851
22,Singapore,2017,NUM-00011,Proportion of Youth and Adults with ICT Skills_Using Basic Arithmetic Formula In A Spreadsheet,Proportion of Youth and Adults with ICT Skills,Using Basic Arithmetic Formula In A Spreadsheet,39.1,No,,Singapore Info-Communications Media Development Authority,https://tablebuilder.singstat.gov.sg/table/TS/M850851
23,Singapore,2017,NUM-00011,"Proportion of Youth and Adults with ICT Skills_Using Copy And Paste Tools To Duplicate Or Move Data, Information And Content In Digital Environments (E.g. Within A Document, Between Devices, On The Cloud)",Proportion of Youth and Adults with ICT Skills,"Using Copy And Paste Tools To Duplicate Or Move Data, Information And Content In Digital Environments (E.g. Within A Document, Between Devices, On The Cloud)",,No,,Singapore Info-Communications Media Development Authority,https://tablebuilder.singstat.gov.sg/table/TS/M850851
24,Singapore,2017,NUM-00011,"Proportion of Youth and Adults with ICT Skills_Reading Or Downloading Newspapers, Magazines Or Electronic Books In A Digital Format",Proportion of Youth and Adults with ICT Skills,"Reading Or Downloading Newspapers, Magazines Or Electronic Books In A Digital Format",52.2,No,,Singapore Info-Communications Media Development Authority,https://tablebuilder.singstat.gov.sg/table/TS/M850851
25,Singapore,2017,NUM-00011,"Proportion of Youth and Adults with ICT Skills_Sending Messages (E.g., E-Mail, Messaging Service, SMS) With Attached Files (E.g., Document, Picture, Video)",Proportion of Youth and Adults with ICT Skills,"Sending Messages (E.g., E-Mail, Messaging Service, SMS) With Attached Files (E.g., Document, Picture, Video)",,No,,Singapore Info-Communications Media Development Authority,https://tablebuilder.singstat.gov.sg/table/TS/M850851
26,Singapore,2017,NUM-00011,"Proportion of Youth and Adults with ICT Skills_Creating Electronic Presentations With Presentation Software (Including Text, Images, Sound, Video Or Charts)",Proportion of Youth and Adults with ICT Skills,"Creating Electronic Presentations With Presentation Software (Including Text, Images, Sound, Video Or Charts)",36.9,No,,Singapore Info-Communications Media Development Authority,https://tablebuilder.singstat.gov.sg/table/TS/M850851
27,Singapore,2017,NUM-00011,Proportion of Youth and Adults with ICT Skills_Doing An Online Course (In Any Subject),Proportion of Youth and Adults with ICT Skills,Doing An Online Course (In Any Subject),5.7,No,,Singapore Info-Communications Media Development Authority,https://tablebuilder.singstat.gov.sg/table/TS/M850851
28,Singapore,2017,NUM-00011,Proportion of Youth and Adults with ICT Skills_Getting Information About Goods Or Services Online,Proportion of Youth and Adults with ICT Skills,Getting Information About Goods Or Services Online,52.2,No,,Singapore Info-Communications Media Development Authority,https://tablebuilder.singstat.gov.sg/table/TS/M850851
29,Singapore,2017,NUM-00011,Proportion of Youth and Adults with ICT Skills_Purchasing Or Ordering Goods Or Services Using The Internet,Proportion of Youth and Adults with ICT Skills,Purchasing Or Ordering Goods Or Services Using The Internet,50.2,No,,Singapore Info-Communications Media Development Authority,https://tablebuilder.singstat.gov.sg/table/TS/M850851
30,Singapore,2017,NUM-00011,"Proportion of Youth and Adults with ICT Skills_Seeking Health Information (On Injury, Disease, Nutrition, Etc.)",Proportion of Youth and Adults with ICT Skills,"Seeking Health Information (On Injury, Disease, Nutrition, Etc.)",29.7,No,,Singapore Info-Communications Media Development Authority,https://tablebuilder.singstat.gov.sg/table/TS/M850851
31,Singapore,2017,NUM-00011,"Proportion of Youth and Adults with ICT Skills_Connecting And Installing New Devices (E.g. A Modem, Camera, Printer) Through Wired Or Wireless Technologies",Proportion of Youth and Adults with ICT Skills,"Connecting And Installing New Devices (E.g. A Modem, Camera, Printer) Through Wired Or Wireless Technologies",38.5,No,,Singapore Info-Communications Media Development Authority,https://tablebuilder.singstat.gov.sg/table/TS/M850851
32,Singapore,2017,NUM-00011,"Proportion of Youth and Adults with ICT Skills_Connecting And Installing New Devices (E.g. A Modem, Camera, Printer) Through Wired Or Wireless Technologies",Proportion of Youth and Adults with ICT Skills,"Connecting And Installing New Devices (E.g. A Modem, Camera, Printer) Through Wired Or Wireless Technologies",54.2,No,,Singapore Info-Communications Media Development Authority,https://tablebuilder.singstat.gov.sg/table/TS/M850851
33,Singapore,2017,NUM-00011,"Proportion of Youth and Adults with ICT Skills_Using Software Run Over The Internet For Editing Text Documents, Spreadsheets Or Presentations",Proportion of Youth and Adults with ICT Skills,"Using Software Run Over The Internet For Editing Text Documents, Spreadsheets Or Presentations",18.6,No,,Singapore Info-Communications Media Development Authority,https://tablebuilder.singstat.gov.sg/table/TS/M850851
34,Singapore,2017,NUM-00011,"Proportion of Youth and Adults with ICT Skills_Programming Or Coding In Digital Environments (E.g. Computer Software, App Development)",Proportion of Youth and Adults with ICT Skills,"Programming Or Coding In Digital Environments (E.g. Computer Software, App Development)",,No,,Singapore Info-Communications Media Development Authority,https://tablebuilder.singstat.gov.sg/table/TS/M850851
35,Singapore,2017,NUM-00011,"Proportion of Youth and Adults with ICT Skills_Changing Privacy Settings On Your Device, Account Or App To Limit The Sharing Of PersoN/Al Data And Information (E.g. N/Ame, Contact Information, Photos)",Proportion of Youth and Adults with ICT Skills,"Changing Privacy Settings On Your Device, Account Or App To Limit The Sharing Of PersoN/Al Data And Information (E.g. N/Ame, Contact Information, Photos)",,No,,Singapore Info-Communications Media Development Authority,https://tablebuilder.singstat.gov.sg/table/TS/M850851
36,Singapore,2017,NUM-00011,"Proportion of Youth and Adults with ICT Skills_Setting Up Effective Security Measures (E.g. Strong Passwords, Log-In Attempt Notification) To Protect Devices And Online Accounts",Proportion of Youth and Adults with ICT Skills,"Setting Up Effective Security Measures (E.g. Strong Passwords, Log-In Attempt Notification) To Protect Devices And Online Accounts",,No,,Singapore Info-Communications Media Development Authority,https://tablebuilder.singstat.gov.sg/table/TS/M850851
37,Singapore,2017,NUM-00011,Proportion of Youth and Adults with ICT Skills_Participating In Social Networks,Proportion of Youth and Adults with ICT Skills,Participating In Social Networks,65.7,No,,Singapore Info-Communications Media Development Authority,https://tablebuilder.singstat.gov.sg/table/TS/M850851
38,Singapore,2017,NUM-00011,"Proportion of Youth and Adults with ICT Skills_Finding, Downloading, Installing And Configuring Software And Apps",Proportion of Youth and Adults with ICT Skills,"Finding, Downloading, Installing And Configuring Software And Apps",44.5,No,,Singapore Info-Communications Media Development Authority,https://tablebuilder.singstat.gov.sg/table/TS/M850851
39,Singapore,2017,NUM-00011,Proportion of Youth and Adults with ICT Skills_Transferring Files Or Applications Between Devices (Including Via Cloud-Storage),Proportion of Youth and Adults with ICT Skills,Transferring Files Or Applications Between Devices (Including Via Cloud-Storage),47.2,No,,Singapore Info-Communications Media Development Authority,https://tablebuilder.singstat.gov.sg/table/TS/M850851
40,Singapore,2017,NUM-00011,Proportion of Youth and Adults with ICT Skills_Uploading Self/User-Created Content To A Website To Be Shared,Proportion of Youth and Adults with ICT Skills,Uploading Self/User-Created Content To A Website To Be Shared,20.4,No,,Singapore Info-Communications Media Development Authority,https://tablebuilder.singstat.gov.sg/table/TS/M850851
41,Singapore,2017,NUM-00011,"Proportion of Youth and Adults with ICT Skills_Making Calls (Telephoning Over The Internet/Voip, Using Skype, Whatsapp, Viber, Italk, Etc.; Includes Video Calls Via Webcam)",Proportion of Youth and Adults with ICT Skills,"Making Calls (Telephoning Over The Internet/Voip, Using Skype, Whatsapp, Viber, Italk, Etc.; Includes Video Calls Via Webcam)",53.3,No,,Singapore Info-Communications Media Development Authority,https://tablebuilder.singstat.gov.sg/table/TS/M850851
42,Singapore,2017,NUM-00011,Proportion of Youth and Adults with ICT Skills_Verifying The Reliability Of Information Found Online,Proportion of Youth and Adults with ICT Skills,Verifying The Reliability Of Information Found Online,,No,,Singapore Info-Communications Media Development Authority,https://tablebuilder.singstat.gov.sg/table/TS/M850851
43,Singapore,2018,NUM-00011,Proportion of Youth and Adults with ICT Skills_Using Basic Arithmetic Formula In A Spreadsheet,Proportion of Youth and Adults with ICT Skills,Using Basic Arithmetic Formula In A Spreadsheet,44,No,,Singapore Info-Communications Media Development Authority,https://tablebuilder.singstat.gov.sg/table/TS/M850851
44,Singapore,2018,NUM-00011,"Proportion of Youth and Adults with ICT Skills_Using Copy And Paste Tools To Duplicate Or Move Data, Information And Content In Digital Environments (E.g. Within A Document, Between Devices, On The Cloud)",Proportion of Youth and Adults with ICT Skills,"Using Copy And Paste Tools To Duplicate Or Move Data, Information And Content In Digital Environments (E.g. Within A Document, Between Devices, On The Cloud)",,No,,Singapore Info-Communications Media Development Authority,https://tablebuilder.singstat.gov.sg/table/TS/M850851
45,Singapore,2018,NUM-00011,"Proportion of Youth and Adults with ICT Skills_Reading Or Downloading Newspapers, Magazines Or Electronic Books In A Digital Format",Proportion of Youth and Adults with ICT Skills,"Reading Or Downloading Newspapers, Magazines Or Electronic Books In A Digital Format",52.5,No,,Singapore Info-Communications Media Development Authority,https://tablebuilder.singstat.gov.sg/table/TS/M850851
46,Singapore,2018,NUM-00011,"Proportion of Youth and Adults with ICT Skills_Sending Messages (E.g., E-Mail, Messaging Service, SMS) With Attached Files (E.g., Document, Picture, Video)",Proportion of Youth and Adults with ICT Skills,"Sending Messages (E.g., E-Mail, Messaging Service, SMS) With Attached Files (E.g., Document, Picture, Video)",,No,,Singapore Info-Communications Media Development Authority,https://tablebuilder.singstat.gov.sg/table/TS/M850851
47,Singapore,2018,NUM-00011,"Proportion of Youth and Adults with ICT Skills_Creating Electronic Presentations With Presentation Software (Including Text, Images, Sound, Video Or Charts)",Proportion of Youth and Adults with ICT Skills,"Creating Electronic Presentations With Presentation Software (Including Text, Images, Sound, Video Or Charts)",41.7,No,,Singapore Info-Communications Media Development Authority,https://tablebuilder.singstat.gov.sg/table/TS/M850851
48,Singapore,2018,NUM-00011,Proportion of Youth and Adults with ICT Skills_Doing An Online Course (In Any Subject),Proportion of Youth and Adults with ICT Skills,Doing An Online Course (In Any Subject),7.5,No,,Singapore Info-Communications Media Development Authority,https://tablebuilder.singstat.gov.sg/table/TS/M850851
49,Singapore,2018,NUM-00011,Proportion of Youth and Adults with ICT Skills_Getting Information About Goods Or Services Online,Proportion of Youth and Adults with ICT Skills,Getting Information About Goods Or Services Online,48.6,No,,Singapore Info-Communications Media Development Authority,https://tablebuilder.singstat.gov.sg/table/TS/M850851
50,Singapore,2018,NUM-00011,Proportion of Youth and Adults with ICT Skills_Purchasing Or Ordering Goods Or Services Using The Internet,Proportion of Youth and Adults with ICT Skills,Purchasing Or Ordering Goods Or Services Using The Internet,57.7,No,,Singapore Info-Communications Media Development Authority,https://tablebuilder.singstat.gov.sg/table/TS/M850851
51,Singapore,2018,NUM-00011,"Proportion of Youth and Adults with ICT Skills_Seeking Health Information (On Injury, Disease, Nutrition, Etc.)",Proportion of Youth and Adults with ICT Skills,"Seeking Health Information (On Injury, Disease, Nutrition, Etc.)",31.8,No,,Singapore Info-Communications Media Development Authority,https://tablebuilder.singstat.gov.sg/table/TS/M850851
52,Singapore,2018,NUM-00011,"Proportion of Youth and Adults with ICT Skills_Connecting And Installing New Devices (E.g. A Modem, Camera, Printer) Through Wired Or Wireless Technologies",Proportion of Youth and Adults with ICT Skills,"Connecting And Installing New Devices (E.g. A Modem, Camera, Printer) Through Wired Or Wireless Technologies",41.1,No,,Singapore Info-Communications Media Development Authority,https://tablebuilder.singstat.gov.sg/table/TS/M850851
53,Singapore,2018,NUM-00011,"Proportion of Youth and Adults with ICT Skills_Connecting And Installing New Devices (E.g. A Modem, Camera, Printer) Through Wired Or Wireless Technologies",Proportion of Youth and Adults with ICT Skills,"Connecting And Installing New Devices (E.g. A Modem, Camera, Printer) Through Wired Or Wireless Technologies",58.3,No,,Singapore Info-Communications Media Development Authority,https://tablebuilder.singstat.gov.sg/table/TS/M850851
54,Singapore,2018,NUM-00011,"Proportion of Youth and Adults with ICT Skills_Using Software Run Over The Internet For Editing Text Documents, Spreadsheets Or Presentations",Proportion of Youth and Adults with ICT Skills,"Using Software Run Over The Internet For Editing Text Documents, Spreadsheets Or Presentations",21.1,No,,Singapore Info-Communications Media Development Authority,https://tablebuilder.singstat.gov.sg/table/TS/M850851
55,Singapore,2018,NUM-00011,"Proportion of Youth and Adults with ICT Skills_Programming Or Coding In Digital Environments (E.g. Computer Software, App Development)",Proportion of Youth and Adults with ICT Skills,"Programming Or Coding In Digital Environments (E.g. Computer Software, App Development)",,No,,Singapore Info-Communications Media Development Authority,https://tablebuilder.singstat.gov.sg/table/TS/M850851
56,Singapore,2018,NUM-00011,"Proportion of Youth and Adults with ICT Skills_Changing Privacy Settings On Your Device, Account Or App To Limit The Sharing Of PersoN/Al Data And Information (E.g. N/Ame, Contact Information, Photos)",Proportion of Youth and Adults with ICT Skills,"Changing Privacy Settings On Your Device, Account Or App To Limit The Sharing Of PersoN/Al Data And Information (E.g. N/Ame, Contact Information, Photos)",,No,,Singapore Info-Communications Media Development Authority,https://tablebuilder.singstat.gov.sg/table/TS/M850851
57,Singapore,2018,NUM-00011,"Proportion of Youth and Adults with ICT Skills_Setting Up Effective Security Measures (E.g. Strong Passwords, Log-In Attempt Notification) To Protect Devices And Online Accounts",Proportion of Youth and Adults with ICT Skills,"Setting Up Effective Security Measures (E.g. Strong Passwords, Log-In Attempt Notification) To Protect Devices And Online Accounts",,No,,Singapore Info-Communications Media Development Authority,https://tablebuilder.singstat.gov.sg/table/TS/M850851
58,Singapore,2018,NUM-00011,Proportion of Youth and Adults with ICT Skills_Participating In Social Networks,Proportion of Youth and Adults with ICT Skills,Participating In Social Networks,67.1,No,,Singapore Info-Communications Media Development Authority,https://tablebuilder.singstat.gov.sg/table/TS/M850851
59,Singapore,2018,NUM-00011,"Proportion of Youth and Adults with ICT Skills_Finding, Downloading, Installing And Configuring Software And Apps",Proportion of Youth and Adults with ICT Skills,"Finding, Downloading, Installing And Configuring Software And Apps",57.1,No,,Singapore Info-Communications Media Development Authority,https://tablebuilder.singstat.gov.sg/table/TS/M850851
60,Singapore,2018,NUM-00011,Proportion of Youth and Adults with ICT Skills_Transferring Files Or Applications Between Devices (Including Via Cloud-Storage),Proportion of Youth and Adults with ICT Skills,Transferring Files Or Applications Between Devices (Including Via Cloud-Storage),50.7,No,,Singapore Info-Communications Media Development Authority,https://tablebuilder.singstat.gov.sg/table/TS/M850851
61,Singapore,2018,NUM-00011,Proportion of Youth and Adults with ICT Skills_Uploading Self/User-Created Content To A Website To Be Shared,Proportion of Youth and Adults with ICT Skills,Uploading Self/User-Created Content To A Website To Be Shared,16.7,No,,Singapore Info-Communications Media Development Authority,https://tablebuilder.singstat.gov.sg/table/TS/M850851
62,Singapore,2018,NUM-00011,"Proportion of Youth and Adults with ICT Skills_Making Calls (Telephoning Over The Internet/Voip, Using Skype, Whatsapp, Viber, Italk, Etc.; Includes Video Calls Via Webcam)",Proportion of Youth and Adults with ICT Skills,"Making Calls (Telephoning Over The Internet/Voip, Using Skype, Whatsapp, Viber, Italk, Etc.; Includes Video Calls Via Webcam)",53.9,No,,Singapore Info-Communications Media Development Authority,https://tablebuilder.singstat.gov.sg/table/TS/M850851
63,Singapore,2018,NUM-00011,Proportion of Youth and Adults with ICT Skills_Verifying The Reliability Of Information Found Online,Proportion of Youth and Adults with ICT Skills,Verifying The Reliability Of Information Found Online,,No,,Singapore Info-Communications Media Development Authority,https://tablebuilder.singstat.gov.sg/table/TS/M850851
64,Singapore,2019,NUM-00011,Proportion of Youth and Adults with ICT Skills_Using Basic Arithmetic Formula In A Spreadsheet,Proportion of Youth and Adults with ICT Skills,Using Basic Arithmetic Formula In A Spreadsheet,45,No,,Singapore Info-Communications Media Development Authority,https://tablebuilder.singstat.gov.sg/table/TS/M850851
65,Singapore,2019,NUM-00011,"Proportion of Youth and Adults with ICT Skills_Using Copy And Paste Tools To Duplicate Or Move Data, Information And Content In Digital Environments (E.g. Within A Document, Between Devices, On The Cloud)",Proportion of Youth and Adults with ICT Skills,"Using Copy And Paste Tools To Duplicate Or Move Data, Information And Content In Digital Environments (E.g. Within A Document, Between Devices, On The Cloud)",,No,,Singapore Info-Communications Media Development Authority,https://tablebuilder.singstat.gov.sg/table/TS/M850851
66,Singapore,2019,NUM-00011,"Proportion of Youth and Adults with ICT Skills_Reading Or Downloading Newspapers, Magazines Or Electronic Books In A Digital Format",Proportion of Youth and Adults with ICT Skills,"Reading Or Downloading Newspapers, Magazines Or Electronic Books In A Digital Format",54.6,No,,Singapore Info-Communications Media Development Authority,https://tablebuilder.singstat.gov.sg/table/TS/M850851
67,Singapore,2019,NUM-00011,"Proportion of Youth and Adults with ICT Skills_Sending Messages (E.g., E-Mail, Messaging Service, SMS) With Attached Files (E.g., Document, Picture, Video)",Proportion of Youth and Adults with ICT Skills,"Sending Messages (E.g., E-Mail, Messaging Service, SMS) With Attached Files (E.g., Document, Picture, Video)",,No,,Singapore Info-Communications Media Development Authority,https://tablebuilder.singstat.gov.sg/table/TS/M850851
68,Singapore,2019,NUM-00011,"Proportion of Youth and Adults with ICT Skills_Creating Electronic Presentations With Presentation Software (Including Text, Images, Sound, Video Or Charts)",Proportion of Youth and Adults with ICT Skills,"Creating Electronic Presentations With Presentation Software (Including Text, Images, Sound, Video Or Charts)",42.4,No,,Singapore Info-Communications Media Development Authority,https://tablebuilder.singstat.gov.sg/table/TS/M850851
69,Singapore,2019,NUM-00011,Proportion of Youth and Adults with ICT Skills_Doing An Online Course (In Any Subject),Proportion of Youth and Adults with ICT Skills,Doing An Online Course (In Any Subject),7,No,,Singapore Info-Communications Media Development Authority,https://tablebuilder.singstat.gov.sg/table/TS/M850851
70,Singapore,2019,NUM-00011,Proportion of Youth and Adults with ICT Skills_Getting Information About Goods Or Services Online,Proportion of Youth and Adults with ICT Skills,Getting Information About Goods Or Services Online,51.3,No,,Singapore Info-Communications Media Development Authority,https://tablebuilder.singstat.gov.sg/table/TS/M850851
71,Singapore,2019,NUM-00011,Proportion of Youth and Adults with ICT Skills_Purchasing Or Ordering Goods Or Services Using The Internet,Proportion of Youth and Adults with ICT Skills,Purchasing Or Ordering Goods Or Services Using The Internet,63.3,No,,Singapore Info-Communications Media Development Authority,https://tablebuilder.singstat.gov.sg/table/TS/M850851
72,Singapore,2019,NUM-00011,"Proportion of Youth and Adults with ICT Skills_Seeking Health Information (On Injury, Disease, Nutrition, Etc.)",Proportion of Youth and Adults with ICT Skills,"Seeking Health Information (On Injury, Disease, Nutrition, Etc.)",30.4,No,,Singapore Info-Communications Media Development Authority,https://tablebuilder.singstat.gov.sg/table/TS/M850851
73,Singapore,2019,NUM-00011,"Proportion of Youth and Adults with ICT Skills_Connecting And Installing New Devices (E.g. A Modem, Camera, Printer) Through Wired Or Wireless Technologies",Proportion of Youth and Adults with ICT Skills,"Connecting And Installing New Devices (E.g. A Modem, Camera, Printer) Through Wired Or Wireless Technologies",40.6,No,,Singapore Info-Communications Media Development Authority,https://tablebuilder.singstat.gov.sg/table/TS/M850851
74,Singapore,2019,NUM-00011,"Proportion of Youth and Adults with ICT Skills_Connecting And Installing New Devices (E.g. A Modem, Camera, Printer) Through Wired Or Wireless Technologies",Proportion of Youth and Adults with ICT Skills,"Connecting And Installing New Devices (E.g. A Modem, Camera, Printer) Through Wired Or Wireless Technologies",60.6,No,,Singapore Info-Communications Media Development Authority,https://tablebuilder.singstat.gov.sg/table/TS/M850851
75,Singapore,2019,NUM-00011,"Proportion of Youth and Adults with ICT Skills_Using Software Run Over The Internet For Editing Text Documents, Spreadsheets Or Presentations",Proportion of Youth and Adults with ICT Skills,"Using Software Run Over The Internet For Editing Text Documents, Spreadsheets Or Presentations",14.9,No,,Singapore Info-Communications Media Development Authority,https://tablebuilder.singstat.gov.sg/table/TS/M850851
76,Singapore,2019,NUM-00011,"Proportion of Youth and Adults with ICT Skills_Programming Or Coding In Digital Environments (E.g. Computer Software, App Development)",Proportion of Youth and Adults with ICT Skills,"Programming Or Coding In Digital Environments (E.g. Computer Software, App Development)",,No,,Singapore Info-Communications Media Development Authority,https://tablebuilder.singstat.gov.sg/table/TS/M850851
77,Singapore,2019,NUM-00011,"Proportion of Youth and Adults with ICT Skills_Changing Privacy Settings On Your Device, Account Or App To Limit The Sharing Of PersoN/Al Data And Information (E.g. N/Ame, Contact Information, Photos)",Proportion of Youth and Adults with ICT Skills,"Changing Privacy Settings On Your Device, Account Or App To Limit The Sharing Of PersoN/Al Data And Information (E.g. N/Ame, Contact Information, Photos)",,No,,Singapore Info-Communications Media Development Authority,https://tablebuilder.singstat.gov.sg/table/TS/M850851
78,Singapore,2019,NUM-00011,"Proportion of Youth and Adults with ICT Skills_Setting Up Effective Security Measures (E.g. Strong Passwords, Log-In Attempt Notification) To Protect Devices And Online Accounts",Proportion of Youth and Adults with ICT Skills,"Setting Up Effective Security Measures (E.g. Strong Passwords, Log-In Attempt Notification) To Protect Devices And Online Accounts",,No,,Singapore Info-Communications Media Development Authority,https://tablebuilder.singstat.gov.sg/table/TS/M850851
79,Singapore,2019,NUM-00011,Proportion of Youth and Adults with ICT Skills_Participating In Social Networks,Proportion of Youth and Adults with ICT Skills,Participating In Social Networks,71.4,No,,Singapore Info-Communications Media Development Authority,https://tablebuilder.singstat.gov.sg/table/TS/M850851
80,Singapore,2019,NUM-00011,"Proportion of Youth and Adults with ICT Skills_Finding, Downloading, Installing And Configuring Software And Apps",Proportion of Youth and Adults with ICT Skills,"Finding, Downloading, Installing And Configuring Software And Apps",57.7,No,,Singapore Info-Communications Media Development Authority,https://tablebuilder.singstat.gov.sg/table/TS/M850851
81,Singapore,2019,NUM-00011,Proportion of Youth and Adults with ICT Skills_Transferring Files Or Applications Between Devices (Including Via Cloud-Storage),Proportion of Youth and Adults with ICT Skills,Transferring Files Or Applications Between Devices (Including Via Cloud-Storage),51.4,No,,Singapore Info-Communications Media Development Authority,https://tablebuilder.singstat.gov.sg/table/TS/M850851
82,Singapore,2019,NUM-00011,Proportion of Youth and Adults with ICT Skills_Uploading Self/User-Created Content To A Website To Be Shared,Proportion of Youth and Adults with ICT Skills,Uploading Self/User-Created Content To A Website To Be Shared,18.6,No,,Singapore Info-Communications Media Development Authority,https://tablebuilder.singstat.gov.sg/table/TS/M850851
83,Singapore,2019,NUM-00011,"Proportion of Youth and Adults with ICT Skills_Making Calls (Telephoning Over The Internet/Voip, Using Skype, Whatsapp, Viber, Italk, Etc.; Includes Video Calls Via Webcam)",Proportion of Youth and Adults with ICT Skills,"Making Calls (Telephoning Over The Internet/Voip, Using Skype, Whatsapp, Viber, Italk, Etc.; Includes Video Calls Via Webcam)",57.6,No,,Singapore Info-Communications Media Development Authority,https://tablebuilder.singstat.gov.sg/table/TS/M850851
84,Singapore,2019,NUM-00011,Proportion of Youth and Adults with ICT Skills_Verifying The Reliability Of Information Found Online,Proportion of Youth and Adults with ICT Skills,Verifying The Reliability Of Information Found Online,,No,,Singapore Info-Communications Media Development Authority,https://tablebuilder.singstat.gov.sg/table/TS/M850851
85,Singapore,2020,NUM-00011,Proportion of Youth and Adults with ICT Skills_Using Basic Arithmetic Formula In A Spreadsheet,Proportion of Youth and Adults with ICT Skills,Using Basic Arithmetic Formula In A Spreadsheet,44.6,No,,Singapore Info-Communications Media Development Authority,https://tablebuilder.singstat.gov.sg/table/TS/M850851
86,Singapore,2020,NUM-00011,"Proportion of Youth and Adults with ICT Skills_Using Copy And Paste Tools To Duplicate Or Move Data, Information And Content In Digital Environments (E.g. Within A Document, Between Devices, On The Cloud)",Proportion of Youth and Adults with ICT Skills,"Using Copy And Paste Tools To Duplicate Or Move Data, Information And Content In Digital Environments (E.g. Within A Document, Between Devices, On The Cloud)",,No,,Singapore Info-Communications Media Development Authority,https://tablebuilder.singstat.gov.sg/table/TS/M850851
87,Singapore,2020,NUM-00011,"Proportion of Youth and Adults with ICT Skills_Reading Or Downloading Newspapers, Magazines Or Electronic Books In A Digital Format",Proportion of Youth and Adults with ICT Skills,"Reading Or Downloading Newspapers, Magazines Or Electronic Books In A Digital Format",59.6,No,,Singapore Info-Communications Media Development Authority,https://tablebuilder.singstat.gov.sg/table/TS/M850851
88,Singapore,2020,NUM-00011,"Proportion of Youth and Adults with ICT Skills_Sending Messages (E.g., E-Mail, Messaging Service, SMS) With Attached Files (E.g., Document, Picture, Video)",Proportion of Youth and Adults with ICT Skills,"Sending Messages (E.g., E-Mail, Messaging Service, SMS) With Attached Files (E.g., Document, Picture, Video)",,No,,Singapore Info-Communications Media Development Authority,https://tablebuilder.singstat.gov.sg/table/TS/M850851
89,Singapore,2020,NUM-00011,"Proportion of Youth and Adults with ICT Skills_Creating Electronic Presentations With Presentation Software (Including Text, Images, Sound, Video Or Charts)",Proportion of Youth and Adults with ICT Skills,"Creating Electronic Presentations With Presentation Software (Including Text, Images, Sound, Video Or Charts)",42.1,No,,Singapore Info-Communications Media Development Authority,https://tablebuilder.singstat.gov.sg/table/TS/M850851
90,Singapore,2020,NUM-00011,Proportion of Youth and Adults with ICT Skills_Doing An Online Course (In Any Subject),Proportion of Youth and Adults with ICT Skills,Doing An Online Course (In Any Subject),9.6,No,,Singapore Info-Communications Media Development Authority,https://tablebuilder.singstat.gov.sg/table/TS/M850851
91,Singapore,2020,NUM-00011,Proportion of Youth and Adults with ICT Skills_Getting Information About Goods Or Services Online,Proportion of Youth and Adults with ICT Skills,Getting Information About Goods Or Services Online,55.2,No,,Singapore Info-Communications Media Development Authority,https://tablebuilder.singstat.gov.sg/table/TS/M850851
92,Singapore,2020,NUM-00011,Proportion of Youth and Adults with ICT Skills_Purchasing Or Ordering Goods Or Services Using The Internet,Proportion of Youth and Adults with ICT Skills,Purchasing Or Ordering Goods Or Services Using The Internet,67.4,No,,Singapore Info-Communications Media Development Authority,https://tablebuilder.singstat.gov.sg/table/TS/M850851
93,Singapore,2020,NUM-00011,"Proportion of Youth and Adults with ICT Skills_Seeking Health Information (On Injury, Disease, Nutrition, Etc.)",Proportion of Youth and Adults with ICT Skills,"Seeking Health Information (On Injury, Disease, Nutrition, Etc.)",36.3,No,,Singapore Info-Communications Media Development Authority,https://tablebuilder.singstat.gov.sg/table/TS/M850851
94,Singapore,2020,NUM-00011,"Proportion of Youth and Adults with ICT Skills_Connecting And Installing New Devices (E.g. A Modem, Camera, Printer) Through Wired Or Wireless Technologies",Proportion of Youth and Adults with ICT Skills,"Connecting And Installing New Devices (E.g. A Modem, Camera, Printer) Through Wired Or Wireless Technologies",38.2,No,,Singapore Info-Communications Media Development Authority,https://tablebuilder.singstat.gov.sg/table/TS/M850851
95,Singapore,2020,NUM-00011,"Proportion of Youth and Adults with ICT Skills_Connecting And Installing New Devices (E.g. A Modem, Camera, Printer) Through Wired Or Wireless Technologies",Proportion of Youth and Adults with ICT Skills,"Connecting And Installing New Devices (E.g. A Modem, Camera, Printer) Through Wired Or Wireless Technologies",64.4,No,,Singapore Info-Communications Media Development Authority,https://tablebuilder.singstat.gov.sg/table/TS/M850851
96,Singapore,2020,NUM-00011,"Proportion of Youth and Adults with ICT Skills_Using Software Run Over The Internet For Editing Text Documents, Spreadsheets Or Presentations",Proportion of Youth and Adults with ICT Skills,"Using Software Run Over The Internet For Editing Text Documents, Spreadsheets Or Presentations",16.2,No,,Singapore Info-Communications Media Development Authority,https://tablebuilder.singstat.gov.sg/table/TS/M850851
97,Singapore,2020,NUM-00011,"Proportion of Youth and Adults with ICT Skills_Programming Or Coding In Digital Environments (E.g. Computer Software, App Development)",Proportion of Youth and Adults with ICT Skills,"Programming Or Coding In Digital Environments (E.g. Computer Software, App Development)",9.3,No,,Singapore Info-Communications Media Development Authority,https://tablebuilder.singstat.gov.sg/table/TS/M850851
98,Singapore,2020,NUM-00011,"Proportion of Youth and Adults with ICT Skills_Changing Privacy Settings On Your Device, Account Or App To Limit The Sharing Of PersoN/Al Data And Information (E.g. N/Ame, Contact Information, Photos)",Proportion of Youth and Adults with ICT Skills,"Changing Privacy Settings On Your Device, Account Or App To Limit The Sharing Of PersoN/Al Data And Information (E.g. N/Ame, Contact Information, Photos)",,No,,Singapore Info-Communications Media Development Authority,https://tablebuilder.singstat.gov.sg/table/TS/M850851
99,Singapore,2020,NUM-00011,"Proportion of Youth and Adults with ICT Skills_Setting Up Effective Security Measures (E.g. Strong Passwords, Log-In Attempt Notification) To Protect Devices And Online Accounts",Proportion of Youth and Adults with ICT Skills,"Setting Up Effective Security Measures (E.g. Strong Passwords, Log-In Attempt Notification) To Protect Devices And Online Accounts",,No,,Singapore Info-Communications Media Development Authority,https://tablebuilder.singstat.gov.sg/table/TS/M850851
100,Singapore,2020,NUM-00011,Proportion of Youth and Adults with ICT Skills_Participating In Social Networks,Proportion of Youth and Adults with ICT Skills,Participating In Social Networks,75.5,No,,Singapore Info-Communications Media Development Authority,https://tablebuilder.singstat.gov.sg/table/TS/M850851
101,Singapore,2020,NUM-00011,"Proportion of Youth and Adults with ICT Skills_Finding, Downloading, Installing And Configuring Software And Apps",Proportion of Youth and Adults with ICT Skills,"Finding, Downloading, Installing And Configuring Software And Apps",55.1,No,,Singapore Info-Communications Media Development Authority,https://tablebuilder.singstat.gov.sg/table/TS/M850851
102,Singapore,2020,NUM-00011,Proportion of Youth and Adults with ICT Skills_Transferring Files Or Applications Between Devices (Including Via Cloud-Storage),Proportion of Youth and Adults with ICT Skills,Transferring Files Or Applications Between Devices (Including Via Cloud-Storage),51.6,No,,Singapore Info-Communications Media Development Authority,https://tablebuilder.singstat.gov.sg/table/TS/M850851
103,Singapore,2020,NUM-00011,Proportion of Youth and Adults with ICT Skills_Uploading Self/User-Created Content To A Website To Be Shared,Proportion of Youth and Adults with ICT Skills,Uploading Self/User-Created Content To A Website To Be Shared,20.3,No,,Singapore Info-Communications Media Development Authority,https://tablebuilder.singstat.gov.sg/table/TS/M850851
104,Singapore,2020,NUM-00011,"Proportion of Youth and Adults with ICT Skills_Making Calls (Telephoning Over The Internet/Voip, Using Skype, Whatsapp, Viber, Italk, Etc.; Includes Video Calls Via Webcam)",Proportion of Youth and Adults with ICT Skills,"Making Calls (Telephoning Over The Internet/Voip, Using Skype, Whatsapp, Viber, Italk, Etc.; Includes Video Calls Via Webcam)",82.2,No,,Singapore Info-Communications Media Development Authority,https://tablebuilder.singstat.gov.sg/table/TS/M850851
105,Singapore,2020,NUM-00011,Proportion of Youth and Adults with ICT Skills_Verifying The Reliability Of Information Found Online,Proportion of Youth and Adults with ICT Skills,Verifying The Reliability Of Information Found Online,,No,,Singapore Info-Communications Media Development Authority,https://tablebuilder.singstat.gov.sg/table/TS/M850851
106,Singapore,2021,NUM-00011,Proportion of Youth and Adults with ICT Skills_Using Basic Arithmetic Formula In A Spreadsheet,Proportion of Youth and Adults with ICT Skills,Using Basic Arithmetic Formula In A Spreadsheet,41.2,No,,Singapore Info-Communications Media Development Authority,https://tablebuilder.singstat.gov.sg/table/TS/M850851
107,Singapore,2021,NUM-00011,"Proportion of Youth and Adults with ICT Skills_Using Copy And Paste Tools To Duplicate Or Move Data, Information And Content In Digital Environments (E.g. Within A Document, Between Devices, On The Cloud)",Proportion of Youth and Adults with ICT Skills,"Using Copy And Paste Tools To Duplicate Or Move Data, Information And Content In Digital Environments (E.g. Within A Document, Between Devices, On The Cloud)",,No,,Singapore Info-Communications Media Development Authority,https://tablebuilder.singstat.gov.sg/table/TS/M850851
108,Singapore,2021,NUM-00011,"Proportion of Youth and Adults with ICT Skills_Reading Or Downloading Newspapers, Magazines Or Electronic Books In A Digital Format",Proportion of Youth and Adults with ICT Skills,"Reading Or Downloading Newspapers, Magazines Or Electronic Books In A Digital Format",70.1,No,,Singapore Info-Communications Media Development Authority,https://tablebuilder.singstat.gov.sg/table/TS/M850851
109,Singapore,2021,NUM-00011,"Proportion of Youth and Adults with ICT Skills_Sending Messages (E.g., E-Mail, Messaging Service, SMS) With Attached Files (E.g., Document, Picture, Video)",Proportion of Youth and Adults with ICT Skills,"Sending Messages (E.g., E-Mail, Messaging Service, SMS) With Attached Files (E.g., Document, Picture, Video)",,No,,Singapore Info-Communications Media Development Authority,https://tablebuilder.singstat.gov.sg/table/TS/M850851
110,Singapore,2021,NUM-00011,"Proportion of Youth and Adults with ICT Skills_Creating Electronic Presentations With Presentation Software (Including Text, Images, Sound, Video Or Charts)",Proportion of Youth and Adults with ICT Skills,"Creating Electronic Presentations With Presentation Software (Including Text, Images, Sound, Video Or Charts)",42.4,No,,Singapore Info-Communications Media Development Authority,https://tablebuilder.singstat.gov.sg/table/TS/M850851
111,Singapore,2021,NUM-00011,Proportion of Youth and Adults with ICT Skills_Doing An Online Course (In Any Subject),Proportion of Youth and Adults with ICT Skills,Doing An Online Course (In Any Subject),12.7,No,,Singapore Info-Communications Media Development Authority,https://tablebuilder.singstat.gov.sg/table/TS/M850851
112,Singapore,2021,NUM-00011,Proportion of Youth and Adults with ICT Skills_Getting Information About Goods Or Services Online,Proportion of Youth and Adults with ICT Skills,Getting Information About Goods Or Services Online,67.9,No,,Singapore Info-Communications Media Development Authority,https://tablebuilder.singstat.gov.sg/table/TS/M850851
113,Singapore,2021,NUM-00011,Proportion of Youth and Adults with ICT Skills_Purchasing Or Ordering Goods Or Services Using The Internet,Proportion of Youth and Adults with ICT Skills,Purchasing Or Ordering Goods Or Services Using The Internet,75.8,No,,Singapore Info-Communications Media Development Authority,https://tablebuilder.singstat.gov.sg/table/TS/M850851
114,Singapore,2021,NUM-00011,"Proportion of Youth and Adults with ICT Skills_Seeking Health Information (On Injury, Disease, Nutrition, Etc.)",Proportion of Youth and Adults with ICT Skills,"Seeking Health Information (On Injury, Disease, Nutrition, Etc.)",53.6,No,,Singapore Info-Communications Media Development Authority,https://tablebuilder.singstat.gov.sg/table/TS/M850851
115,Singapore,2021,NUM-00011,"Proportion of Youth and Adults with ICT Skills_Connecting And Installing New Devices (E.g. A Modem, Camera, Printer) Through Wired Or Wireless Technologies",Proportion of Youth and Adults with ICT Skills,"Connecting And Installing New Devices (E.g. A Modem, Camera, Printer) Through Wired Or Wireless Technologies",36.5,No,,Singapore Info-Communications Media Development Authority,https://tablebuilder.singstat.gov.sg/table/TS/M850851
116,Singapore,2021,NUM-00011,"Proportion of Youth and Adults with ICT Skills_Connecting And Installing New Devices (E.g. A Modem, Camera, Printer) Through Wired Or Wireless Technologies",Proportion of Youth and Adults with ICT Skills,"Connecting And Installing New Devices (E.g. A Modem, Camera, Printer) Through Wired Or Wireless Technologies",79.5,No,,Singapore Info-Communications Media Development Authority,https://tablebuilder.singstat.gov.sg/table/TS/M850851
117,Singapore,2021,NUM-00011,"Proportion of Youth and Adults with ICT Skills_Using Software Run Over The Internet For Editing Text Documents, Spreadsheets Or Presentations",Proportion of Youth and Adults with ICT Skills,"Using Software Run Over The Internet For Editing Text Documents, Spreadsheets Or Presentations",31.5,No,,Singapore Info-Communications Media Development Authority,https://tablebuilder.singstat.gov.sg/table/TS/M850851
118,Singapore,2021,NUM-00011,"Proportion of Youth and Adults with ICT Skills_Programming Or Coding In Digital Environments (E.g. Computer Software, App Development)",Proportion of Youth and Adults with ICT Skills,"Programming Or Coding In Digital Environments (E.g. Computer Software, App Development)",10.6,No,,Singapore Info-Communications Media Development Authority,https://tablebuilder.singstat.gov.sg/table/TS/M850851
119,Singapore,2021,NUM-00011,"Proportion of Youth and Adults with ICT Skills_Changing Privacy Settings On Your Device, Account Or App To Limit The Sharing Of PersoN/Al Data And Information (E.g. N/Ame, Contact Information, Photos)",Proportion of Youth and Adults with ICT Skills,"Changing Privacy Settings On Your Device, Account Or App To Limit The Sharing Of PersoN/Al Data And Information (E.g. N/Ame, Contact Information, Photos)",73.7,No,,Singapore Info-Communications Media Development Authority,https://tablebuilder.singstat.gov.sg/table/TS/M850851
120,Singapore,2021,NUM-00011,"Proportion of Youth and Adults with ICT Skills_Setting Up Effective Security Measures (E.g. Strong Passwords, Log-In Attempt Notification) To Protect Devices And Online Accounts",Proportion of Youth and Adults with ICT Skills,"Setting Up Effective Security Measures (E.g. Strong Passwords, Log-In Attempt Notification) To Protect Devices And Online Accounts",77.7,No,,Singapore Info-Communications Media Development Authority,https://tablebuilder.singstat.gov.sg/table/TS/M850851
121,Singapore,2021,NUM-00011,Proportion of Youth and Adults with ICT Skills_Participating In Social Networks,Proportion of Youth and Adults with ICT Skills,Participating In Social Networks,69,No,,Singapore Info-Communications Media Development Authority,https://tablebuilder.singstat.gov.sg/table/TS/M850851
122,Singapore,2021,NUM-00011,"Proportion of Youth and Adults with ICT Skills_Finding, Downloading, Installing And Configuring Software And Apps",Proportion of Youth and Adults with ICT Skills,"Finding, Downloading, Installing And Configuring Software And Apps",60.5,No,,Singapore Info-Communications Media Development Authority,https://tablebuilder.singstat.gov.sg/table/TS/M850851
123,Singapore,2021,NUM-00011,Proportion of Youth and Adults with ICT Skills_Transferring Files Or Applications Between Devices (Including Via Cloud-Storage),Proportion of Youth and Adults with ICT Skills,Transferring Files Or Applications Between Devices (Including Via Cloud-Storage),56.4,No,,Singapore Info-Communications Media Development Authority,https://tablebuilder.singstat.gov.sg/table/TS/M850851
124,Singapore,2021,NUM-00011,Proportion of Youth and Adults with ICT Skills_Uploading Self/User-Created Content To A Website To Be Shared,Proportion of Youth and Adults with ICT Skills,Uploading Self/User-Created Content To A Website To Be Shared,42.2,No,,Singapore Info-Communications Media Development Authority,https://tablebuilder.singstat.gov.sg/table/TS/M850851
125,Singapore,2021,NUM-00011,"Proportion of Youth and Adults with ICT Skills_Making Calls (Telephoning Over The Internet/Voip, Using Skype, Whatsapp, Viber, Italk, Etc.; Includes Video Calls Via Webcam)",Proportion of Youth and Adults with ICT Skills,"Making Calls (Telephoning Over The Internet/Voip, Using Skype, Whatsapp, Viber, Italk, Etc.; Includes Video Calls Via Webcam)",75.3,No,,Singapore Info-Communications Media Development Authority,https://tablebuilder.singstat.gov.sg/table/TS/M850851
126,Singapore,2021,NUM-00011,Proportion of Youth and Adults with ICT Skills_Verifying The Reliability Of Information Found Online,Proportion of Youth and Adults with ICT Skills,Verifying The Reliability Of Information Found Online,80.9,No,,Singapore Info-Communications Media Development Authority,https://tablebuilder.singstat.gov.sg/table/TS/M850851
127,Singapore,2022,NUM-00011,Proportion of Youth and Adults with ICT Skills_Using Basic Arithmetic Formula In A Spreadsheet,Proportion of Youth and Adults with ICT Skills,Using Basic Arithmetic Formula In A Spreadsheet,36.1,No,,Singapore Info-Communications Media Development Authority,https://tablebuilder.singstat.gov.sg/table/TS/M850851
128,Singapore,2022,NUM-00011,"Proportion of Youth and Adults with ICT Skills_Using Copy And Paste Tools To Duplicate Or Move Data, Information And Content In Digital Environments (E.g. Within A Document, Between Devices, On The Cloud)",Proportion of Youth and Adults with ICT Skills,"Using Copy And Paste Tools To Duplicate Or Move Data, Information And Content In Digital Environments (E.g. Within A Document, Between Devices, On The Cloud)",54.3,No,,Singapore Info-Communications Media Development Authority,https://tablebuilder.singstat.gov.sg/table/TS/M850851
129,Singapore,2022,NUM-00011,"Proportion of Youth and Adults with ICT Skills_Reading Or Downloading Newspapers, Magazines Or Electronic Books In A Digital Format",Proportion of Youth and Adults with ICT Skills,"Reading Or Downloading Newspapers, Magazines Or Electronic Books In A Digital Format",46.8,No,,Singapore Info-Communications Media Development Authority,https://tablebuilder.singstat.gov.sg/table/TS/M850851
130,Singapore,2022,NUM-00011,"Proportion of Youth and Adults with ICT Skills_Sending Messages (E.g., E-Mail, Messaging Service, SMS) With Attached Files (E.g., Document, Picture, Video)",Proportion of Youth and Adults with ICT Skills,"Sending Messages (E.g., E-Mail, Messaging Service, SMS) With Attached Files (E.g., Document, Picture, Video)",75.6,No,,Singapore Info-Communications Media Development Authority,https://tablebuilder.singstat.gov.sg/table/TS/M850851
131,Singapore,2022,NUM-00011,"Proportion of Youth and Adults with ICT Skills_Creating Electronic Presentations With Presentation Software (Including Text, Images, Sound, Video Or Charts)",Proportion of Youth and Adults with ICT Skills,"Creating Electronic Presentations With Presentation Software (Including Text, Images, Sound, Video Or Charts)",37.1,No,,Singapore Info-Communications Media Development Authority,https://tablebuilder.singstat.gov.sg/table/TS/M850851
132,Singapore,2022,NUM-00011,Proportion of Youth and Adults with ICT Skills_Doing An Online Course (In Any Subject),Proportion of Youth and Adults with ICT Skills,Doing An Online Course (In Any Subject),17.9,No,,Singapore Info-Communications Media Development Authority,https://tablebuilder.singstat.gov.sg/table/TS/M850851
133,Singapore,2022,NUM-00011,Proportion of Youth and Adults with ICT Skills_Getting Information About Goods Or Services Online,Proportion of Youth and Adults with ICT Skills,Getting Information About Goods Or Services Online,63.6,No,,Singapore Info-Communications Media Development Authority,https://tablebuilder.singstat.gov.sg/table/TS/M850851
134,Singapore,2022,NUM-00011,Proportion of Youth and Adults with ICT Skills_Purchasing Or Ordering Goods Or Services Using The Internet,Proportion of Youth and Adults with ICT Skills,Purchasing Or Ordering Goods Or Services Using The Internet,66.6,No,,Singapore Info-Communications Media Development Authority,https://tablebuilder.singstat.gov.sg/table/TS/M850851
135,Singapore,2022,NUM-00011,"Proportion of Youth and Adults with ICT Skills_Seeking Health Information (On Injury, Disease, Nutrition, Etc.)",Proportion of Youth and Adults with ICT Skills,"Seeking Health Information (On Injury, Disease, Nutrition, Etc.)",44,No,,Singapore Info-Communications Media Development Authority,https://tablebuilder.singstat.gov.sg/table/TS/M850851
136,Singapore,2022,NUM-00011,"Proportion of Youth and Adults with ICT Skills_Connecting And Installing New Devices (E.g. A Modem, Camera, Printer) Through Wired Or Wireless Technologies",Proportion of Youth and Adults with ICT Skills,"Connecting And Installing New Devices (E.g. A Modem, Camera, Printer) Through Wired Or Wireless Technologies",28.1,No,,Singapore Info-Communications Media Development Authority,https://tablebuilder.singstat.gov.sg/table/TS/M850851
137,Singapore,2022,NUM-00011,"Proportion of Youth and Adults with ICT Skills_Connecting And Installing New Devices (E.g. A Modem, Camera, Printer) Through Wired Or Wireless Technologies",Proportion of Youth and Adults with ICT Skills,"Connecting And Installing New Devices (E.g. A Modem, Camera, Printer) Through Wired Or Wireless Technologies",78.4,No,,Singapore Info-Communications Media Development Authority,https://tablebuilder.singstat.gov.sg/table/TS/M850851
138,Singapore,2022,NUM-00011,"Proportion of Youth and Adults with ICT Skills_Using Software Run Over The Internet For Editing Text Documents, Spreadsheets Or Presentations",Proportion of Youth and Adults with ICT Skills,"Using Software Run Over The Internet For Editing Text Documents, Spreadsheets Or Presentations",31.4,No,,Singapore Info-Communications Media Development Authority,https://tablebuilder.singstat.gov.sg/table/TS/M850851
139,Singapore,2022,NUM-00011,"Proportion of Youth and Adults with ICT Skills_Programming Or Coding In Digital Environments (E.g. Computer Software, App Development)",Proportion of Youth and Adults with ICT Skills,"Programming Or Coding In Digital Environments (E.g. Computer Software, App Development)",6.3,No,,Singapore Info-Communications Media Development Authority,https://tablebuilder.singstat.gov.sg/table/TS/M850851
140,Singapore,2022,NUM-00011,"Proportion of Youth and Adults with ICT Skills_Changing Privacy Settings On Your Device, Account Or App To Limit The Sharing Of PersoN/Al Data And Information (E.g. N/Ame, Contact Information, Photos)",Proportion of Youth and Adults with ICT Skills,"Changing Privacy Settings On Your Device, Account Or App To Limit The Sharing Of PersoN/Al Data And Information (E.g. N/Ame, Contact Information, Photos)",76.1,No,,Singapore Info-Communications Media Development Authority,https://tablebuilder.singstat.gov.sg/table/TS/M850851
141,Singapore,2022,NUM-00011,"Proportion of Youth and Adults with ICT Skills_Setting Up Effective Security Measures (E.g. Strong Passwords, Log-In Attempt Notification) To Protect Devices And Online Accounts",Proportion of Youth and Adults with ICT Skills,"Setting Up Effective Security Measures (E.g. Strong Passwords, Log-In Attempt Notification) To Protect Devices And Online Accounts",79.6,No,,Singapore Info-Communications Media Development Authority,https://tablebuilder.singstat.gov.sg/table/TS/M850851
142,Singapore,2022,NUM-00011,Proportion of Youth and Adults with ICT Skills_Participating In Social Networks,Proportion of Youth and Adults with ICT Skills,Participating In Social Networks,69.9,No,,Singapore Info-Communications Media Development Authority,https://tablebuilder.singstat.gov.sg/table/TS/M850851
143,Singapore,2022,NUM-00011,"Proportion of Youth and Adults with ICT Skills_Finding, Downloading, Installing And Configuring Software And Apps",Proportion of Youth and Adults with ICT Skills,"Finding, Downloading, Installing And Configuring Software And Apps",55.6,No,,Singapore Info-Communications Media Development Authority,https://tablebuilder.singstat.gov.sg/table/TS/M850851
144,Singapore,2022,NUM-00011,Proportion of Youth and Adults with ICT Skills_Transferring Files Or Applications Between Devices (Including Via Cloud-Storage),Proportion of Youth and Adults with ICT Skills,Transferring Files Or Applications Between Devices (Including Via Cloud-Storage),52.6,No,,Singapore Info-Communications Media Development Authority,https://tablebuilder.singstat.gov.sg/table/TS/M850851
145,Singapore,2022,NUM-00011,Proportion of Youth and Adults with ICT Skills_Uploading Self/User-Created Content To A Website To Be Shared,Proportion of Youth and Adults with ICT Skills,Uploading Self/User-Created Content To A Website To Be Shared,43.7,No,,Singapore Info-Communications Media Development Authority,https://tablebuilder.singstat.gov.sg/table/TS/M850851
146,Singapore,2022,NUM-00011,"Proportion of Youth and Adults with ICT Skills_Making Calls (Telephoning Over The Internet/Voip, Using Skype, Whatsapp, Viber, Italk, Etc.; Includes Video Calls Via Webcam)",Proportion of Youth and Adults with ICT Skills,"Making Calls (Telephoning Over The Internet/Voip, Using Skype, Whatsapp, Viber, Italk, Etc.; Includes Video Calls Via Webcam)",65.5,No,,Singapore Info-Communications Media Development Authority,https://tablebuilder.singstat.gov.sg/table/TS/M850851
147,Singapore,2022,NUM-00011,Proportion of Youth and Adults with ICT Skills_Verifying The Reliability Of Information Found Online,Proportion of Youth and Adults with ICT Skills,Verifying The Reliability Of Information Found Online,85,No,,Singapore Info-Communications Media Development Authority,https://tablebuilder.singstat.gov.sg/table/TS/M850851
148,Singapore,2023,NUM-00011,Proportion of Youth and Adults with ICT Skills_Using Basic Arithmetic Formula In A Spreadsheet,Proportion of Youth and Adults with ICT Skills,Using Basic Arithmetic Formula In A Spreadsheet,41.3,No,,Singapore Info-Communications Media Development Authority,https://tablebuilder.singstat.gov.sg/table/TS/M850851
149,Singapore,2023,NUM-00011,"Proportion of Youth and Adults with ICT Skills_Using Copy And Paste Tools To Duplicate Or Move Data, Information And Content In Digital Environments (E.g. Within A Document, Between Devices, On The Cloud)",Proportion of Youth and Adults with ICT Skills,"Using Copy And Paste Tools To Duplicate Or Move Data, Information And Content In Digital Environments (E.g. Within A Document, Between Devices, On The Cloud)",57.2,No,,Singapore Info-Communications Media Development Authority,https://tablebuilder.singstat.gov.sg/table/TS/M850851
150,Singapore,2023,NUM-00011,"Proportion of Youth and Adults with ICT Skills_Reading Or Downloading Newspapers, Magazines Or Electronic Books In A Digital Format",Proportion of Youth and Adults with ICT Skills,"Reading Or Downloading Newspapers, Magazines Or Electronic Books In A Digital Format",51.8,No,,Singapore Info-Communications Media Development Authority,https://tablebuilder.singstat.gov.sg/table/TS/M850851
151,Singapore,2023,NUM-00011,"Proportion of Youth and Adults with ICT Skills_Sending Messages (E.g., E-Mail, Messaging Service, SMS) With Attached Files (E.g., Document, Picture, Video)",Proportion of Youth and Adults with ICT Skills,"Sending Messages (E.g., E-Mail, Messaging Service, SMS) With Attached Files (E.g., Document, Picture, Video)",69.8,No,,Singapore Info-Communications Media Development Authority,https://tablebuilder.singstat.gov.sg/table/TS/M850851
152,Singapore,2023,NUM-00011,"Proportion of Youth and Adults with ICT Skills_Creating Electronic Presentations With Presentation Software (Including Text, Images, Sound, Video Or Charts)",Proportion of Youth and Adults with ICT Skills,"Creating Electronic Presentations With Presentation Software (Including Text, Images, Sound, Video Or Charts)",44,No,,Singapore Info-Communications Media Development Authority,https://tablebuilder.singstat.gov.sg/table/TS/M850851
153,Singapore,2023,NUM-00011,Proportion of Youth and Adults with ICT Skills_Doing An Online Course (In Any Subject),Proportion of Youth and Adults with ICT Skills,Doing An Online Course (In Any Subject),20.7,No,,Singapore Info-Communications Media Development Authority,https://tablebuilder.singstat.gov.sg/table/TS/M850851
154,Singapore,2023,NUM-00011,Proportion of Youth and Adults with ICT Skills_Getting Information About Goods Or Services Online,Proportion of Youth and Adults with ICT Skills,Getting Information About Goods Or Services Online,65.4,No,,Singapore Info-Communications Media Development Authority,https://tablebuilder.singstat.gov.sg/table/TS/M850851
155,Singapore,2023,NUM-00011,Proportion of Youth and Adults with ICT Skills_Purchasing Or Ordering Goods Or Services Using The Internet,Proportion of Youth and Adults with ICT Skills,Purchasing Or Ordering Goods Or Services Using The Internet,66.1,No,,Singapore Info-Communications Media Development Authority,https://tablebuilder.singstat.gov.sg/table/TS/M850851
156,Singapore,2023,NUM-00011,"Proportion of Youth and Adults with ICT Skills_Seeking Health Information (On Injury, Disease, Nutrition, Etc.)",Proportion of Youth and Adults with ICT Skills,"Seeking Health Information (On Injury, Disease, Nutrition, Etc.)",54.3,No,,Singapore Info-Communications Media Development Authority,https://tablebuilder.singstat.gov.sg/table/TS/M850851
157,Singapore,2023,NUM-00011,"Proportion of Youth and Adults with ICT Skills_Connecting And Installing New Devices (E.g. A Modem, Camera, Printer) Through Wired Or Wireless Technologies",Proportion of Youth and Adults with ICT Skills,"Connecting And Installing New Devices (E.g. A Modem, Camera, Printer) Through Wired Or Wireless Technologies",35.9,No,,Singapore Info-Communications Media Development Authority,https://tablebuilder.singstat.gov.sg/table/TS/M850851
158,Singapore,2023,NUM-00011,"Proportion of Youth and Adults with ICT Skills_Connecting And Installing New Devices (E.g. A Modem, Camera, Printer) Through Wired Or Wireless Technologies",Proportion of Youth and Adults with ICT Skills,"Connecting And Installing New Devices (E.g. A Modem, Camera, Printer) Through Wired Or Wireless Technologies",75.5,No,,Singapore Info-Communications Media Development Authority,https://tablebuilder.singstat.gov.sg/table/TS/M850851
159,Singapore,2023,NUM-00011,"Proportion of Youth and Adults with ICT Skills_Using Software Run Over The Internet For Editing Text Documents, Spreadsheets Or Presentations",Proportion of Youth and Adults with ICT Skills,"Using Software Run Over The Internet For Editing Text Documents, Spreadsheets Or Presentations",37.7,No,,Singapore Info-Communications Media Development Authority,https://tablebuilder.singstat.gov.sg/table/TS/M850851
160,Singapore,2023,NUM-00011,"Proportion of Youth and Adults with ICT Skills_Programming Or Coding In Digital Environments (E.g. Computer Software, App Development)",Proportion of Youth and Adults with ICT Skills,"Programming Or Coding In Digital Environments (E.g. Computer Software, App Development)",10.7,No,,Singapore Info-Communications Media Development Authority,https://tablebuilder.singstat.gov.sg/table/TS/M850851
161,Singapore,2023,NUM-00011,"Proportion of Youth and Adults with ICT Skills_Changing Privacy Settings On Your Device, Account Or App To Limit The Sharing Of PersoN/Al Data And Information (E.g. N/Ame, Contact Information, Photos)",Proportion of Youth and Adults with ICT Skills,"Changing Privacy Settings On Your Device, Account Or App To Limit The Sharing Of PersoN/Al Data And Information (E.g. N/Ame, Contact Information, Photos)",74.4,No,,Singapore Info-Communications Media Development Authority,https://tablebuilder.singstat.gov.sg/table/TS/M850851
162,Singapore,2023,NUM-00011,"Proportion of Youth and Adults with ICT Skills_Setting Up Effective Security Measures (E.g. Strong Passwords, Log-In Attempt Notification) To Protect Devices And Online Accounts",Proportion of Youth and Adults with ICT Skills,"Setting Up Effective Security Measures (E.g. Strong Passwords, Log-In Attempt Notification) To Protect Devices And Online Accounts",78.7,No,,Singapore Info-Communications Media Development Authority,https://tablebuilder.singstat.gov.sg/table/TS/M850851
163,Singapore,2023,NUM-00011,Proportion of Youth and Adults with ICT Skills_Participating In Social Networks,Proportion of Youth and Adults with ICT Skills,Participating In Social Networks,71.5,No,,Singapore Info-Communications Media Development Authority,https://tablebuilder.singstat.gov.sg/table/TS/M850851
164,Singapore,2023,NUM-00011,"Proportion of Youth and Adults with ICT Skills_Finding, Downloading, Installing And Configuring Software And Apps",Proportion of Youth and Adults with ICT Skills,"Finding, Downloading, Installing And Configuring Software And Apps",57.9,No,,Singapore Info-Communications Media Development Authority,https://tablebuilder.singstat.gov.sg/table/TS/M850851
165,Singapore,2023,NUM-00011,Proportion of Youth and Adults with ICT Skills_Transferring Files Or Applications Between Devices (Including Via Cloud-Storage),Proportion of Youth and Adults with ICT Skills,Transferring Files Or Applications Between Devices (Including Via Cloud-Storage),54.3,No,,Singapore Info-Communications Media Development Authority,https://tablebuilder.singstat.gov.sg/table/TS/M850851
166,Singapore,2023,NUM-00011,Proportion of Youth and Adults with ICT Skills_Uploading Self/User-Created Content To A Website To Be Shared,Proportion of Youth and Adults with ICT Skills,Uploading Self/User-Created Content To A Website To Be Shared,41.3,No,,Singapore Info-Communications Media Development Authority,https://tablebuilder.singstat.gov.sg/table/TS/M850851
167,Singapore,2023,NUM-00011,"Proportion of Youth and Adults with ICT Skills_Making Calls (Telephoning Over The Internet/Voip, Using Skype, Whatsapp, Viber, Italk, Etc.; Includes Video Calls Via Webcam)",Proportion of Youth and Adults with ICT Skills,"Making Calls (Telephoning Over The Internet/Voip, Using Skype, Whatsapp, Viber, Italk, Etc.; Includes Video Calls Via Webcam)",75.9,No,,Singapore Info-Communications Media Development Authority,https://tablebuilder.singstat.gov.sg/table/TS/M850851
168,Singapore,2023,NUM-00011,Proportion of Youth and Adults with ICT Skills_Verifying The Reliability Of Information Found Online,Proportion of Youth and Adults with ICT Skills,Verifying The Reliability Of Information Found Online,75.2,No,,Singapore Info-Communications Media Development Authority,https://tablebuilder.singstat.gov.sg/table/TS/M850851
169,Brunei Darussalam,2016,NUM-00011,Proportion of Youth and Adults with ICT Skills_Attach File,Proportion of Youth and Adults with ICT Skills,Attach File,70,No,,UNESCO Institute for Statistics,https://uis.unesco.org/sites/default/files/country-profile/Brunei%20Darussalam.pdf
170,Brunei Darussalam,2016,NUM-00011,Proportion of Youth and Adults with ICT Skills_Connect to Internet,Proportion of Youth and Adults with ICT Skills,Connect to Internet,45,No,,UNESCO Institute for Statistics,https://uis.unesco.org/sites/default/files/country-profile/Brunei%20Darussalam.pdf
171,Brunei Darussalam,2016,NUM-00011,Proportion of Youth and Adults with ICT Skills_Copy Paste,Proportion of Youth and Adults with ICT Skills,Copy Paste,89,No,,UNESCO Institute for Statistics,https://uis.unesco.org/sites/default/files/country-profile/Brunei%20Darussalam.pdf
172,Brunei Darussalam,2016,NUM-00011,Proportion of Youth and Adults with ICT Skills_Create File,Proportion of Youth and Adults with ICT Skills,Create File,34,No,,UNESCO Institute for Statistics,https://uis.unesco.org/sites/default/files/country-profile/Brunei%20Darussalam.pdf
173,Brunei Darussalam,2016,NUM-00011,Proportion of Youth and Adults with ICT Skills_Duplicate File,Proportion of Youth and Adults with ICT Skills,Duplicate File,68,No,,UNESCO Institute for Statistics,https://uis.unesco.org/sites/default/files/country-profile/Brunei%20Darussalam.pdf
174,Brunei Darussalam,2016,NUM-00011,Proportion of Youth and Adults with ICT Skills_Mathematics Formula,Proportion of Youth and Adults with ICT Skills,Mathematics Formula,25,No,,UNESCO Institute for Statistics,https://uis.unesco.org/sites/default/files/country-profile/Brunei%20Darussalam.pdf
175,Brunei Darussalam,2016,NUM-00011,Proportion of Youth and Adults with ICT Skills_Programming Language,Proportion of Youth and Adults with ICT Skills,Programming Language,17,No,,UNESCO Institute for Statistics,https://uis.unesco.org/sites/default/files/country-profile/Brunei%20Darussalam.pdf
176,Brunei Darussalam,2016,NUM-00011,Proportion of Youth and Adults with ICT Skills_Install Software,Proportion of Youth and Adults with ICT Skills,Install Software,57,No,,UNESCO Institute for Statistics,https://uis.unesco.org/sites/default/files/country-profile/Brunei%20Darussalam.pdf
177,Brunei Darussalam,2016,NUM-00011,Proportion of Youth and Adults with ICT Skills_Transfer File,Proportion of Youth and Adults with ICT Skills,Transfer File,63,No,,UNESCO Institute for Statistics,https://uis.unesco.org/sites/default/files/country-profile/Brunei%20Darussalam.pdf
178,Brunei Darussalam,2018,NUM-00011,Proportion of Youth and Adults with ICT Skills_Attach File,Proportion of Youth and Adults with ICT Skills,Attach File,59.5,No,,UNESCO Institute for Statistics,https://uis.unesco.org/sites/default/files/country-profile/Brunei%20Darussalam.pdf
179,Brunei Darussalam,2018,NUM-00011,Proportion of Youth and Adults with ICT Skills_Connect to Internet,Proportion of Youth and Adults with ICT Skills,Connect to Internet,42.4,No,,UNESCO Institute for Statistics,https://uis.unesco.org/sites/default/files/country-profile/Brunei%20Darussalam.pdf
180,Brunei Darussalam,2018,NUM-00011,Proportion of Youth and Adults with ICT Skills_Copy Paste,Proportion of Youth and Adults with ICT Skills,Copy Paste,59.5,No,,UNESCO Institute for Statistics,https://uis.unesco.org/sites/default/files/country-profile/Brunei%20Darussalam.pdf
181,Brunei Darussalam,2018,NUM-00011,Proportion of Youth and Adults with ICT Skills_Create File,Proportion of Youth and Adults with ICT Skills,Create File,42.6,No,,UNESCO Institute for Statistics,https://uis.unesco.org/sites/default/files/country-profile/Brunei%20Darussalam.pdf
182,Brunei Darussalam,2018,NUM-00011,Proportion of Youth and Adults with ICT Skills_Duplicate File,Proportion of Youth and Adults with ICT Skills,Duplicate File,59.5,No,,UNESCO Institute for Statistics,https://uis.unesco.org/sites/default/files/country-profile/Brunei%20Darussalam.pdf
183,Brunei Darussalam,2018,NUM-00011,Proportion of Youth and Adults with ICT Skills_Mathematics Formula,Proportion of Youth and Adults with ICT Skills,Mathematics Formula,56.5,No,,UNESCO Institute for Statistics,https://uis.unesco.org/sites/default/files/country-profile/Brunei%20Darussalam.pdf
184,Brunei Darussalam,2018,NUM-00011,Proportion of Youth and Adults with ICT Skills_Programming Language,Proportion of Youth and Adults with ICT Skills,Programming Language,,No,,UNESCO Institute for Statistics,https://uis.unesco.org/sites/default/files/country-profile/Brunei%20Darussalam.pdf
185,Brunei Darussalam,2018,NUM-00011,Proportion of Youth and Adults with ICT Skills_Install Software,Proportion of Youth and Adults with ICT Skills,Install Software,35.5,No,,UNESCO Institute for Statistics,https://uis.unesco.org/sites/default/files/country-profile/Brunei%20Darussalam.pdf
186,Brunei Darussalam,2018,NUM-00011,Proportion of Youth and Adults with ICT Skills_Transfer File,Proportion of Youth and Adults with ICT Skills,Transfer File,37.5,No,,UNESCO Institute for Statistics,https://uis.unesco.org/sites/default/files/country-profile/Brunei%20Darussalam.pdf
187,Brunei Darussalam,2019,NUM-00011,Proportion of Youth and Adults with ICT Skills_Attach File,Proportion of Youth and Adults with ICT Skills,Attach File,56.5,No,,UNESCO Institute for Statistics,https://uis.unesco.org/sites/default/files/country-profile/Brunei%20Darussalam.pdf
188,Brunei Darussalam,2019,NUM-00011,Proportion of Youth and Adults with ICT Skills_Connect to Internet,Proportion of Youth and Adults with ICT Skills,Connect to Internet,35.5,No,,UNESCO Institute for Statistics,https://uis.unesco.org/sites/default/files/country-profile/Brunei%20Darussalam.pdf
189,Brunei Darussalam,2019,NUM-00011,Proportion of Youth and Adults with ICT Skills_Copy Paste,Proportion of Youth and Adults with ICT Skills,Copy Paste,59.5,No,,UNESCO Institute for Statistics,https://uis.unesco.org/sites/default/files/country-profile/Brunei%20Darussalam.pdf
190,Brunei Darussalam,2019,NUM-00011,Proportion of Youth and Adults with ICT Skills_Create File,Proportion of Youth and Adults with ICT Skills,Create File,37.5,No,,UNESCO Institute for Statistics,https://uis.unesco.org/sites/default/files/country-profile/Brunei%20Darussalam.pdf
191,Brunei Darussalam,2019,NUM-00011,Proportion of Youth and Adults with ICT Skills_Duplicate File,Proportion of Youth and Adults with ICT Skills,Duplicate File,59.5,No,,UNESCO Institute for Statistics,https://uis.unesco.org/sites/default/files/country-profile/Brunei%20Darussalam.pdf
192,Brunei Darussalam,2019,NUM-00011,Proportion of Youth and Adults with ICT Skills_Mathematics Formula,Proportion of Youth and Adults with ICT Skills,Mathematics Formula,42.4,No,,UNESCO Institute for Statistics,https://uis.unesco.org/sites/default/files/country-profile/Brunei%20Darussalam.pdf
193,Brunei Darussalam,2019,NUM-00011,Proportion of Youth and Adults with ICT Skills_Programming Language,Proportion of Youth and Adults with ICT Skills,Programming Language,27.7,No,,UNESCO Institute for Statistics,https://uis.unesco.org/sites/default/files/country-profile/Brunei%20Darussalam.pdf
194,Brunei Darussalam,2019,NUM-00011,Proportion of Youth and Adults with ICT Skills_Install Software,Proportion of Youth and Adults with ICT Skills,Install Software,42.6,No,,UNESCO Institute for Statistics,https://uis.unesco.org/sites/default/files/country-profile/Brunei%20Darussalam.pdf
195,Brunei Darussalam,2019,NUM-00011,Proportion of Youth and Adults with ICT Skills_Transfer File,Proportion of Youth and Adults with ICT Skills,Transfer File,52.4,No,,UNESCO Institute for Statistics,https://uis.unesco.org/sites/default/files/country-profile/Brunei%20Darussalam.pdf
196,Malaysia,2015,NUM-00011,Proportion of Youth and Adults with ICT Skills_Attach File,Proportion of Youth and Adults with ICT Skills,Attach File,38,,,UNESCO Institute for Statistics,https://uis.unesco.org/sites/default/files/country-profile/Malaysia.pdf
197,Malaysia,2015,NUM-00011,Proportion of Youth and Adults with ICT Skills_Connect to Internet,Proportion of Youth and Adults with ICT Skills,Connect to Internet,20.7,,,UNESCO Institute for Statistics,https://uis.unesco.org/sites/default/files/country-profile/Malaysia.pdf
198,Malaysia,2015,NUM-00011,Proportion of Youth and Adults with ICT Skills_Copy Paste,Proportion of Youth and Adults with ICT Skills,Copy Paste,51.3,,,UNESCO Institute for Statistics,https://uis.unesco.org/sites/default/files/country-profile/Malaysia.pdf
199,Malaysia,2015,NUM-00011,Proportion of Youth and Adults with ICT Skills_Create File,Proportion of Youth and Adults with ICT Skills,Create File,12.5,,,UNESCO Institute for Statistics,https://uis.unesco.org/sites/default/files/country-profile/Malaysia.pdf
200,Malaysia,2015,NUM-00011,Proportion of Youth and Adults with ICT Skills_Duplicate File,Proportion of Youth and Adults with ICT Skills,Duplicate File,52.9,,,UNESCO Institute for Statistics,https://uis.unesco.org/sites/default/files/country-profile/Malaysia.pdf
201,Malaysia,2015,NUM-00011,Proportion of Youth and Adults with ICT Skills_Mathematical Formula,Proportion of Youth and Adults with ICT Skills,Mathematical Formula,17.3,,,UNESCO Institute for Statistics,https://uis.unesco.org/sites/default/files/country-profile/Malaysia.pdf
202,Malaysia,2015,NUM-00011,Proportion of Youth and Adults with ICT Skills_Programming Language,Proportion of Youth and Adults with ICT Skills,Programming Language,2.3,,,UNESCO Institute for Statistics,https://uis.unesco.org/sites/default/files/country-profile/Malaysia.pdf
203,Malaysia,2015,NUM-00011,Proportion of Youth and Adults with ICT Skills_Install Software,Proportion of Youth and Adults with ICT Skills,Install Software,28.1,,,UNESCO Institute for Statistics,https://uis.unesco.org/sites/default/files/country-profile/Malaysia.pdf
204,Malaysia,2015,NUM-00011,Proportion of Youth and Adults with ICT Skills_Transfer File,Proportion of Youth and Adults with ICT Skills,Transfer File,33.6,,,UNESCO Institute for Statistics,https://uis.unesco.org/sites/default/files/country-profile/Malaysia.pdf
205,Malaysia,2017,NUM-00011,Proportion of Youth and Adults with ICT Skills_Attach File,Proportion of Youth and Adults with ICT Skills,Attach File,43,,,UNESCO Institute for Statistics,https://uis.unesco.org/sites/default/files/country-profile/Malaysia.pdf
206,Malaysia,2017,NUM-00011,Proportion of Youth and Adults with ICT Skills_Connect to Internet,Proportion of Youth and Adults with ICT Skills,Connect to Internet,48.4,,,UNESCO Institute for Statistics,https://uis.unesco.org/sites/default/files/country-profile/Malaysia.pdf
207,Malaysia,2017,NUM-00011,Proportion of Youth and Adults with ICT Skills_Copy Paste,Proportion of Youth and Adults with ICT Skills,Copy Paste,55.5,,,UNESCO Institute for Statistics,https://uis.unesco.org/sites/default/files/country-profile/Malaysia.pdf
208,Malaysia,2017,NUM-00011,Proportion of Youth and Adults with ICT Skills_Create File,Proportion of Youth and Adults with ICT Skills,Create File,20.2,,,UNESCO Institute for Statistics,https://uis.unesco.org/sites/default/files/country-profile/Malaysia.pdf
209,Malaysia,2017,NUM-00011,Proportion of Youth and Adults with ICT Skills_Duplicate File,Proportion of Youth and Adults with ICT Skills,Duplicate File,44.2,,,UNESCO Institute for Statistics,https://uis.unesco.org/sites/default/files/country-profile/Malaysia.pdf
210,Malaysia,2017,NUM-00011,Proportion of Youth and Adults with ICT Skills_Mathematical Formula,Proportion of Youth and Adults with ICT Skills,Mathematical Formula,24.8,,,UNESCO Institute for Statistics,https://uis.unesco.org/sites/default/files/country-profile/Malaysia.pdf
211,Malaysia,2017,NUM-00011,Proportion of Youth and Adults with ICT Skills_Programming Language,Proportion of Youth and Adults with ICT Skills,Programming Language,7.5,,,UNESCO Institute for Statistics,https://uis.unesco.org/sites/default/files/country-profile/Malaysia.pdf
212,Malaysia,2017,NUM-00011,Proportion of Youth and Adults with ICT Skills_Install Software,Proportion of Youth and Adults with ICT Skills,Install Software,33.7,,,UNESCO Institute for Statistics,https://uis.unesco.org/sites/default/files/country-profile/Malaysia.pdf
213,Malaysia,2017,NUM-00011,Proportion of Youth and Adults with ICT Skills_Transfer File,Proportion of Youth and Adults with ICT Skills,Transfer File,42.4,,,UNESCO Institute for Statistics,https://uis.unesco.org/sites/default/files/country-profile/Malaysia.pdf
214,Malaysia,2018,NUM-00011,Proportion of Youth and Adults with ICT Skills_Attach File,Proportion of Youth and Adults with ICT Skills,Attach File,43.8,,,UNESCO Institute for Statistics,https://uis.unesco.org/sites/default/files/country-profile/Malaysia.pdf
215,Malaysia,2018,NUM-00011,Proportion of Youth and Adults with ICT Skills_Connect to Internet,Proportion of Youth and Adults with ICT Skills,Connect to Internet,49.5,,,UNESCO Institute for Statistics,https://uis.unesco.org/sites/default/files/country-profile/Malaysia.pdf
216,Malaysia,2018,NUM-00011,Proportion of Youth and Adults with ICT Skills_Copy Paste,Proportion of Youth and Adults with ICT Skills,Copy Paste,56.3,,,UNESCO Institute for Statistics,https://uis.unesco.org/sites/default/files/country-profile/Malaysia.pdf
217,Malaysia,2018,NUM-00011,Proportion of Youth and Adults with ICT Skills_Create File,Proportion of Youth and Adults with ICT Skills,Create File,24.2,,,UNESCO Institute for Statistics,https://uis.unesco.org/sites/default/files/country-profile/Malaysia.pdf
218,Malaysia,2018,NUM-00011,Proportion of Youth and Adults with ICT Skills_Duplicate File,Proportion of Youth and Adults with ICT Skills,Duplicate File,57.4,,,UNESCO Institute for Statistics,https://uis.unesco.org/sites/default/files/country-profile/Malaysia.pdf
219,Malaysia,2018,NUM-00011,Proportion of Youth and Adults with ICT Skills_Mathematical Formula,Proportion of Youth and Adults with ICT Skills,Mathematical Formula,25.9,,,UNESCO Institute for Statistics,https://uis.unesco.org/sites/default/files/country-profile/Malaysia.pdf
220,Malaysia,2018,NUM-00011,Proportion of Youth and Adults with ICT Skills_Programming Language,Proportion of Youth and Adults with ICT Skills,Programming Language,7.8,,,UNESCO Institute for Statistics,https://uis.unesco.org/sites/default/files/country-profile/Malaysia.pdf
221,Malaysia,2018,NUM-00011,Proportion of Youth and Adults with ICT Skills_Install Software,Proportion of Youth and Adults with ICT Skills,Install Software,34.7,,,UNESCO Institute for Statistics,https://uis.unesco.org/sites/default/files/country-profile/Malaysia.pdf
222,Malaysia,2018,NUM-00011,Proportion of Youth and Adults with ICT Skills_Transfer File,Proportion of Youth and Adults with ICT Skills,Transfer File,43.4,,,UNESCO Institute for Statistics,https://uis.unesco.org/sites/default/files/country-profile/Malaysia.pdf
223,Malaysia,2019,NUM-00011,Proportion of Youth and Adults with ICT Skills_Attach File,Proportion of Youth and Adults with ICT Skills,Attach File,44.7,,,UNESCO Institute for Statistics,https://uis.unesco.org/sites/default/files/country-profile/Malaysia.pdf
224,Malaysia,2019,NUM-00011,Proportion of Youth and Adults with ICT Skills_Connect to Internet,Proportion of Youth and Adults with ICT Skills,Connect to Internet,50.6,,,UNESCO Institute for Statistics,https://uis.unesco.org/sites/default/files/country-profile/Malaysia.pdf
225,Malaysia,2019,NUM-00011,Proportion of Youth and Adults with ICT Skills_Copy Paste,Proportion of Youth and Adults with ICT Skills,Copy Paste,58,,,UNESCO Institute for Statistics,https://uis.unesco.org/sites/default/files/country-profile/Malaysia.pdf
226,Malaysia,2019,NUM-00011,Proportion of Youth and Adults with ICT Skills_Create File,Proportion of Youth and Adults with ICT Skills,Create File,24.9,,,UNESCO Institute for Statistics,https://uis.unesco.org/sites/default/files/country-profile/Malaysia.pdf
227,Malaysia,2019,NUM-00011,Proportion of Youth and Adults with ICT Skills_Duplicate File,Proportion of Youth and Adults with ICT Skills,Duplicate File,59,,,UNESCO Institute for Statistics,https://uis.unesco.org/sites/default/files/country-profile/Malaysia.pdf
228,Malaysia,2019,NUM-00011,Proportion of Youth and Adults with ICT Skills_Mathematical Formula,Proportion of Youth and Adults with ICT Skills,Mathematical Formula,26.7,,,UNESCO Institute for Statistics,https://uis.unesco.org/sites/default/files/country-profile/Malaysia.pdf
229,Malaysia,2019,NUM-00011,Proportion of Youth and Adults with ICT Skills_Programming Language,Proportion of Youth and Adults with ICT Skills,Programming Language,8.2,,,UNESCO Institute for Statistics,https://uis.unesco.org/sites/default/files/country-profile/Malaysia.pdf
230,Malaysia,2019,NUM-00011,Proportion of Youth and Adults with ICT Skills_Install Software,Proportion of Youth and Adults with ICT Skills,Install Software,37.1,,,UNESCO Institute for Statistics,https://uis.unesco.org/sites/default/files/country-profile/Malaysia.pdf
231,Malaysia,2019,NUM-00011,Proportion of Youth and Adults with ICT Skills_Transfer File,Proportion of Youth and Adults with ICT Skills,Transfer File,45,,,UNESCO Institute for Statistics,https://uis.unesco.org/sites/default/files/country-profile/Malaysia.pdf
232,Malaysia,2020,NUM-00011,Proportion of Youth and Adults with ICT Skills_Attach File,Proportion of Youth and Adults with ICT Skills,Attach File,55.2,,,UNESCO Institute for Statistics,https://uis.unesco.org/sites/default/files/country-profile/Malaysia.pdf
233,Malaysia,2020,NUM-00011,Proportion of Youth and Adults with ICT Skills_Connect to Internet,Proportion of Youth and Adults with ICT Skills,Connect to Internet,57.6,,,UNESCO Institute for Statistics,https://uis.unesco.org/sites/default/files/country-profile/Malaysia.pdf
234,Malaysia,2020,NUM-00011,Proportion of Youth and Adults with ICT Skills_Copy Paste,Proportion of Youth and Adults with ICT Skills,Copy Paste,,,,UNESCO Institute for Statistics,https://uis.unesco.org/sites/default/files/country-profile/Malaysia.pdf
235,Malaysia,2020,NUM-00011,Proportion of Youth and Adults with ICT Skills_Create File,Proportion of Youth and Adults with ICT Skills,Create File,31.1,,,UNESCO Institute for Statistics,https://uis.unesco.org/sites/default/files/country-profile/Malaysia.pdf
236,Malaysia,2020,NUM-00011,Proportion of Youth and Adults with ICT Skills_Duplicate File,Proportion of Youth and Adults with ICT Skills,Duplicate File,70.1,,,UNESCO Institute for Statistics,https://uis.unesco.org/sites/default/files/country-profile/Malaysia.pdf
237,Malaysia,2020,NUM-00011,Proportion of Youth and Adults with ICT Skills_Mathematical Formula,Proportion of Youth and Adults with ICT Skills,Mathematical Formula,31.4,,,UNESCO Institute for Statistics,https://uis.unesco.org/sites/default/files/country-profile/Malaysia.pdf
238,Malaysia,2020,NUM-00011,Proportion of Youth and Adults with ICT Skills_Programming Language,Proportion of Youth and Adults with ICT Skills,Programming Language,11.1,,,UNESCO Institute for Statistics,https://uis.unesco.org/sites/default/files/country-profile/Malaysia.pdf
239,Malaysia,2020,NUM-00011,Proportion of Youth and Adults with ICT Skills_Install Software,Proportion of Youth and Adults with ICT Skills,Install Software,46.2,,,UNESCO Institute for Statistics,https://uis.unesco.org/sites/default/files/country-profile/Malaysia.pdf
240,Malaysia,2020,NUM-00011,Proportion of Youth and Adults with ICT Skills_Transfer File,Proportion of Youth and Adults with ICT Skills,Transfer File,54.6,,,UNESCO Institute for Statistics,https://uis.unesco.org/sites/default/files/country-profile/Malaysia.pdf
241,Malaysia,2021,NUM-00011,Proportion of Youth and Adults with ICT Skills_Attach File,Proportion of Youth and Adults with ICT Skills,Attach File,65.7,,,UNESCO Institute for Statistics,https://uis.unesco.org/sites/default/files/country-profile/Malaysia.pdf
242,Malaysia,2021,NUM-00011,Proportion of Youth and Adults with ICT Skills_Connect to Internet,Proportion of Youth and Adults with ICT Skills,Connect to Internet,63.4,,,UNESCO Institute for Statistics,https://uis.unesco.org/sites/default/files/country-profile/Malaysia.pdf
243,Malaysia,2021,NUM-00011,Proportion of Youth and Adults with ICT Skills_Copy Paste,Proportion of Youth and Adults with ICT Skills,Copy Paste,,,,UNESCO Institute for Statistics,https://uis.unesco.org/sites/default/files/country-profile/Malaysia.pdf
244,Malaysia,2021,NUM-00011,Proportion of Youth and Adults with ICT Skills_Create File,Proportion of Youth and Adults with ICT Skills,Create File,43.3,,,UNESCO Institute for Statistics,https://uis.unesco.org/sites/default/files/country-profile/Malaysia.pdf
245,Malaysia,2021,NUM-00011,Proportion of Youth and Adults with ICT Skills_Duplicate File,Proportion of Youth and Adults with ICT Skills,Duplicate File,77.8,,,UNESCO Institute for Statistics,https://uis.unesco.org/sites/default/files/country-profile/Malaysia.pdf
246,Malaysia,2021,NUM-00011,Proportion of Youth and Adults with ICT Skills_Mathematical Formula,Proportion of Youth and Adults with ICT Skills,Mathematical Formula,43.9,,,UNESCO Institute for Statistics,https://uis.unesco.org/sites/default/files/country-profile/Malaysia.pdf
247,Malaysia,2021,NUM-00011,Proportion of Youth and Adults with ICT Skills_Programming Language,Proportion of Youth and Adults with ICT Skills,Programming Language,16.1,,,UNESCO Institute for Statistics,https://uis.unesco.org/sites/default/files/country-profile/Malaysia.pdf
248,Malaysia,2021,NUM-00011,Proportion of Youth and Adults with ICT Skills_Install Software,Proportion of Youth and Adults with ICT Skills,Install Software,55.9,,,UNESCO Institute for Statistics,https://uis.unesco.org/sites/default/files/country-profile/Malaysia.pdf
249,Malaysia,2021,NUM-00011,Proportion of Youth and Adults with ICT Skills_Transfer File,Proportion of Youth and Adults with ICT Skills,Transfer File,62.1,,,UNESCO Institute for Statistics,https://uis.unesco.org/sites/default/files/country-profile/Malaysia.pdf
250,Lao PDR,2023,NUM-00011,Proportion of Youth and Adults with ICT Skills_Attach File,Proportion of Youth and Adults with ICT Skills,Attach File,3.70,Yes,,UNICEF,https://mics.unicef.org/sites/mics/files/2025-02/Lao%20PDR%202023%20MICS%20-%20Social%20Indicator%20Survey%20III.pdf
251,Lao PDR,2023,NUM-00011,Proportion of Youth and Adults with ICT Skills_Connect to Internet,Proportion of Youth and Adults with ICT Skills,Connect to Internet,2.14,Yes,,UNICEF,https://mics.unicef.org/sites/mics/files/2025-02/Lao%20PDR%202023%20MICS%20-%20Social%20Indicator%20Survey%20III.pdf
252,Lao PDR,2023,NUM-00011,Proportion of Youth and Adults with ICT Skills_Copy-Paste Content,Proportion of Youth and Adults with ICT Skills,Copy-Paste Content,7.36,Yes,,UNICEF,https://mics.unicef.org/sites/mics/files/2025-02/Lao%20PDR%202023%20MICS%20-%20Social%20Indicator%20Survey%20III.pdf
253,Lao PDR,2023,NUM-00011,Proportion of Youth and Adults with ICT Skills_Create File,Proportion of Youth and Adults with ICT Skills,Create File,2.89,Yes,,UNICEF,https://mics.unicef.org/sites/mics/files/2025-02/Lao%20PDR%202023%20MICS%20-%20Social%20Indicator%20Survey%20III.pdf
254,Lao PDR,2023,NUM-00011,Proportion of Youth and Adults with ICT Skills_Duplicate/Move File,Proportion of Youth and Adults with ICT Skills,Duplicate/Move File,7.53,Yes,,UNICEF,https://mics.unicef.org/sites/mics/files/2025-02/Lao%20PDR%202023%20MICS%20-%20Social%20Indicator%20Survey%20III.pdf
255,Lao PDR,2023,NUM-00011,Proportion of Youth and Adults with ICT Skills_Use Mathematical Formula (Spreadsheet),Proportion of Youth and Adults with ICT Skills,Use Mathematical Formula (Spreadsheet),5.85,Yes,,UNICEF,https://mics.unicef.org/sites/mics/files/2025-02/Lao%20PDR%202023%20MICS%20-%20Social%20Indicator%20Survey%20III.pdf
256,Lao PDR,2023,NUM-00011,Proportion of Youth and Adults with ICT Skills_Write Computer Program,Proportion of Youth and Adults with ICT Skills,Write Computer Program,0.54,Yes,,UNICEF,https://mics.unicef.org/sites/mics/files/2025-02/Lao%20PDR%202023%20MICS%20-%20Social%20Indicator%20Survey%20III.pdf
257,Lao PDR,2023,NUM-00011,Proportion of Youth and Adults with ICT Skills_Install/Download Software,Proportion of Youth and Adults with ICT Skills,Install/Download Software,2.71,Yes,,UNICEF,https://mics.unicef.org/sites/mics/files/2025-02/Lao%20PDR%202023%20MICS%20-%20Social%20Indicator%20Survey%20III.pdf
258,Lao PDR,2023,NUM-00011,Proportion of Youth and Adults with ICT Skills_Transfer Files Between Devices,Proportion of Youth and Adults with ICT Skills,Transfer Files Between Devices,5.3,Yes,,UNICEF,https://mics.unicef.org/sites/mics/files/2025-02/Lao%20PDR%202023%20MICS%20-%20Social%20Indicator%20Survey%20III.pdf
259,Lao PDR,2017,NUM-00011,Proportion of Youth and Adults with ICT Skills_Attach File,Proportion of Youth and Adults with ICT Skills,Attach File,3.42,Yes,,UNICEF,https://mics.unicef.org/sites/mics/files/Lao%20PDR%202017%20MICS%20Social%20Indicator%20Survey%20II%20Survey%20Findings%20Report_English.pdf
260,Lao PDR,2017,NUM-00011,Proportion of Youth and Adults with ICT Skills_Connect to Internet,Proportion of Youth and Adults with ICT Skills,Connect to Internet,2.54,Yes,,UNICEF,https://mics.unicef.org/sites/mics/files/Lao%20PDR%202017%20MICS%20Social%20Indicator%20Survey%20II%20Survey%20Findings%20Report_English.pdf
261,Lao PDR,2017,NUM-00011,Proportion of Youth and Adults with ICT Skills_Copy-Paste Content,Proportion of Youth and Adults with ICT Skills,Copy-Paste Content,6.7,Yes,,UNICEF,https://mics.unicef.org/sites/mics/files/Lao%20PDR%202017%20MICS%20Social%20Indicator%20Survey%20II%20Survey%20Findings%20Report_English.pdf
262,Lao PDR,2017,NUM-00011,Proportion of Youth and Adults with ICT Skills_Create File,Proportion of Youth and Adults with ICT Skills,Create File,3.2,Yes,,UNICEF,https://mics.unicef.org/sites/mics/files/Lao%20PDR%202017%20MICS%20Social%20Indicator%20Survey%20II%20Survey%20Findings%20Report_English.pdf
263,Lao PDR,2017,NUM-00011,Proportion of Youth and Adults with ICT Skills_Duplicate/Move File,Proportion of Youth and Adults with ICT Skills,Duplicate/Move File,6.76,Yes,,UNICEF,https://mics.unicef.org/sites/mics/files/Lao%20PDR%202017%20MICS%20Social%20Indicator%20Survey%20II%20Survey%20Findings%20Report_English.pdf
264,Lao PDR,2017,NUM-00011,Proportion of Youth and Adults with ICT Skills_Use Mathematical Formula (Spreadsheet),Proportion of Youth and Adults with ICT Skills,Use Mathematical Formula (Spreadsheet),5.9,Yes,,UNICEF,https://mics.unicef.org/sites/mics/files/Lao%20PDR%202017%20MICS%20Social%20Indicator%20Survey%20II%20Survey%20Findings%20Report_English.pdf
265,Lao PDR,2017,NUM-00011,Proportion of Youth and Adults with ICT Skills_Write Computer Program,Proportion of Youth and Adults with ICT Skills,Write Computer Program,0.53,Yes,,UNICEF,https://mics.unicef.org/sites/mics/files/Lao%20PDR%202017%20MICS%20Social%20Indicator%20Survey%20II%20Survey%20Findings%20Report_English.pdf
266,Lao PDR,2017,NUM-00011,Proportion of Youth and Adults with ICT Skills_Install/Download Software,Proportion of Youth and Adults with ICT Skills,Install/Download Software,3.63,Yes,,UNICEF,https://mics.unicef.org/sites/mics/files/Lao%20PDR%202017%20MICS%20Social%20Indicator%20Survey%20II%20Survey%20Findings%20Report_English.pdf
267,Lao PDR,2017,NUM-00011,Proportion of Youth and Adults with ICT Skills_Transfer Files Between Devices,Proportion of Youth and Adults with ICT Skills,Transfer Files Between Devices,5.19,Yes,,UNICEF,https://mics.unicef.org/sites/mics/files/Lao%20PDR%202017%20MICS%20Social%20Indicator%20Survey%20II%20Survey%20Findings%20Report_English.pdf
268,Indonesia,2017,NUM-00011,Proportion of Youth and Adults with ICT Skills_Attach File,Proportion of Youth and Adults with ICT Skills,Attach File,26.2,,,,
269,Indonesia,2017,NUM-00011,Proportion of Youth and Adults with ICT Skills_Connect to Internet,Proportion of Youth and Adults with ICT Skills,Connect to Internet,20.2,,,,
270,Indonesia,2017,NUM-00011,Proportion of Youth and Adults with ICT Skills_Copy-Paste Content,Proportion of Youth and Adults with ICT Skills,Copy-Paste Content,59.6,,,,
271,Indonesia,2017,NUM-00011,Proportion of Youth and Adults with ICT Skills_Create File,Proportion of Youth and Adults with ICT Skills,Create File,30.2,,,,
272,Indonesia,2017,NUM-00011,Proportion of Youth and Adults with ICT Skills_Duplicate/Move File,Proportion of Youth and Adults with ICT Skills,Duplicate/Move File,59.6,,,,
273,Indonesia,2017,NUM-00011,Proportion of Youth and Adults with ICT Skills_Use Mathematical Formula (Spreadsheet),Proportion of Youth and Adults with ICT Skills,Use Mathematical Formula (Spreadsheet),25.2,,,,
274,Indonesia,2017,NUM-00011,Proportion of Youth and Adults with ICT Skills_Write Computer Program,Proportion of Youth and Adults with ICT Skills,Write Computer Program,3.5,,,,
275,Indonesia,2017,NUM-00011,Proportion of Youth and Adults with ICT Skills_Install/Download Software,Proportion of Youth and Adults with ICT Skills,Install/Download Software,25.5,,,,
276,Indonesia,2017,NUM-00011,Proportion of Youth and Adults with ICT Skills_Transfer Files Between Devices,Proportion of Youth and Adults with ICT Skills,Transfer Files Between Devices,50.7,,,,
277,Philippines,2019,NUM-00011,Proportion of Youth and Adults with ICT Skills_Using basic arithmetic formulas in a spreadsheet,Proportion of Youth and Adults with ICT Skills,Using basic arithmetic formulas in a spreadsheet,7.2,,,,
278,Philippines,2019,NUM-00011,Proportion of Youth and Adults with ICT Skills_Using copy/paste tools,Proportion of Youth and Adults with ICT Skills,Using copy/paste tools,24.5,,,,
279,Philippines,2019,NUM-00011,Proportion of Youth and Adults with ICT Skills_Sending emails with attachment,Proportion of Youth and Adults with ICT Skills,Sending emails with attachment,25.8,,,,
280,Philippines,2019,NUM-00011,"Proportion of Youth and Adults with ICT Skills_Creating electronic presentations With Presentation Software (Including Text, Images, Sound, Video Or Charts)",Proportion of Youth and Adults with ICT Skills,"Creating electronic presentations With Presentation Software (Including Text, Images, Sound, Video Or Charts)",9.1,,,,
281,Philippines,2019,NUM-00011,"Proportion of Youth and Adults with ICT Skills_Finding, downloading, installing, and configuring software",Proportion of Youth and Adults with ICT Skills,"Finding, downloading, installing, and configuring software",10.5,,,,
282,Philippines,2019,NUM-00011,Proportion of Youth and Adults with ICT Skills_Transferring files between a computer and other devices,Proportion of Youth and Adults with ICT Skills,Transferring files between a computer and other devices,22.2,,,,
283,Timor Leste,2015,NUM-00011,Proportion of Youth and Adults with ICT Skills_Setting a reminder,Proportion of Youth and Adults with ICT Skills,Setting a reminder,61,,,,
284,Timor Leste,2015,NUM-00011,Proportion of Youth and Adults with ICT Skills_Editing a document or image,Proportion of Youth and Adults with ICT Skills,Editing a document or image,52,,,,
285,Timor Leste,2015,NUM-00011,Proportion of Youth and Adults with ICT Skills_Transferring files ,Proportion of Youth and Adults with ICT Skills,Transferring files ,48,,,,
286,Timor Leste,2015,NUM-00011,Proportion of Youth and Adults with ICT Skills_Using formulas in spreadsheet,Proportion of Youth and Adults with ICT Skills,Using formulas in spreadsheet,19,,,,
287,Timor Leste,2015,NUM-00011,Proportion of Youth and Adults with ICT Skills_Wrting a code,Proportion of Youth and Adults with ICT Skills,Wrting a code,9,,,,
,,,,,
